table,cordis_id,label,column,before,after
projects_cordis,101036560,REGILIENCE,title,Resilience strategies for regions,Resilience Strategies for Regions
projects_cordis,101037084,IMPETUS,keywords,"co-creation,  digital and human dimension,  bio-geographical regions,  Quintuple Helix,  nature-based solutions,  innovative technologies,  funding and insurance,  governance models,  behavioural change",co-creation; digital and human dimension; bio-geographical regions; Quintuple Helix; nature-based solutions; innovative technologies; funding and insurance; governance models; behavioural change
projects_cordis,101037084,IMPETUS,end_date,2025-09-30,2025-12-31
projects_cordis,101037084,IMPETUS,duration,48,51
projects_cordis,101093854,MIRACA,keywords,"Critical Infrastructure,  Systemic Risk,  Decision-support,Multi-hazard","Critical Infrastructure; Systemic Risk; Decision-support,Multi-hazard"
projects_cordis,101093864,CLIMAAX,title,Climate risk and vulnerability assessment framework and toolbox,CLIMAte risk and vulnerability Assessment framework and toolboX
projects_cordis,101093864,CLIMAAX,end_date,2026-12-31,2027-02-28
projects_cordis,101093864,CLIMAAX,duration,48,50
projects_cordis,101093939,RISKADAPT,keywords,"EO services for climate change forcing in extreme events,  Integrated Engineering and Social Risk,  Construction related multi-hazard risk assessment,  Probabilistic LCA, LCC,  Integrated Safety, LCA, LCC",EO services for climate change forcing in extreme events; Integrated Engineering and Social Risk; Construction related multi-hazard risk assessment; Probabilistic LCA/LCC; Integrated Safety/LCA/LCC
projects_cordis,101093942,P2R,title,Pathways2Resilience: Co-developing pathways towards climate resilient regions in Europe,Pathways2Resilience: Co-developing pathways towards Climate resilient regions in Europe
projects_cordis,101093968,RESIST,title,"Regions for climate change resilience through innovation, science and technology","Regions for climate change resilience through Innovation, Science and Technology"
projects_cordis,101094021,CLIMAS,teaser,"Climate change is one of the most critical issues to tackle today as it is foreseen to have detrimental social, environmental and economic impacts in the near future. The last climate change events, such as flooding in Germany and Belgium in both Continental and Atlantic...","""Climate change is one of the most critical issues to tackle today as it is foreseen to have detrimental social, environmental and economic impacts in the near future. The last climate change events, such as flooding in Germany and Belgium in both Continental and Atlantic..."
projects_cordis,101112705,CLIMATEFIT,total_cost,5760510,5760510.01
projects_cordis,101112728,ClimEmpower,teaser,"ClimEmpower will empower five south-European regions with high Climate Change (CC) risk and exceptionally low adaptive capacity to enhance their CC-resilience, establish the regional Communities of Practice (CoP) and co-create the resilient development strategies adapted to...","""ClimEmpower will empower five south-European regions with high Climate Change (CC) risk and exceptionally low adaptive capacity to enhance their CC-resilience, establish the regional Communities of Practice (CoP) and co-create the resilient development strategies adapted to..."
projects_cordis,101112731,CARDIMED,title,Climate adaptation and resilience demonstrated In the Mediterranean region,Climate Adaptation and Resilience Demonstrated In the MEDiterranean region
projects_cordis,101112737,ARCADIA,keywords,"CONTINENTAL biogeographic region,  blue-green infrastructure networks,  green finance,  societal transformation,  EU Mission Adaptation to Climate Change",CONTINENTAL biogeographic region; blue-green infrastructure networks; green finance; societal transformation; EU Mission Adaptation to Climate Change.
projects_cordis,101112781,LAND4CLIMATE,total_cost,12904833.5,12836621.75
projects_cordis,101112781,LAND4CLIMATE,ec_max_contribution,12904833.5,12836621.75
projects_cordis,101112837,VALORADA,title,Validated local risk actionable data for adaptation,Validated Local Risk Actionable Data for Adaptation
projects_cordis,101112859,NATALIE,keywords,"Green financing,  Digital Twins,  Artificial Intelligence,  Resilience assessment,  Co-creation and stakeholder engagement,  Citizen science",Green financing; Digital Twins; Artificial Intelligence; Resilience assessment; Co-creation and stakeholder engagement; Citizen science
projects_cordis,101112859,NATALIE,total_cost,16311045.25,16442039.62
projects_cordis,101112867,SOTERIA,keywords,"Best practice,  Testing,  innovative Insurance Solutions, Enabling Framework","Best practice; Testing; innovative Insurance Solutions, Enabling Framework"
projects_cordis,101155748,TRANSFORM,keywords,"Atlantic,  Innovative crop rotations,  Stakeholder engagement,  Regional solutions,  Landscape of social & economic value",Atlantic; Innovative crop rotations; Stakeholder engagement; Regional solutions; Landscape of social & economic value
projects_cordis,101156076,DRYAD,keywords,"Multirisk, integrated ecohydrological model, LoRaWan real-time monitoring, climate resilience, NBS","Multirisk, integrated ecohydrological model, LoRaWan real-time monitoring, climate resilience, NBS,"
projects_cordis,101157447,GENESIS,keywords,"Groundwater,  freshwater resource: oceanic islands,  critical water infrastructure,  adaptation,  climate change,   nature-based solutions,  water management,  reclaimed water,  local communities,  recycled water,  deep demonstrator",Groundwater; freshwater resource: oceanic islands; critical water infrastructure; adaptation; climate change;  nature-based solutions; water management; reclaimed water; local communities; recycled water; deep demonstrator
projects_cordis,101157643,AURORA,keywords,"climate change and health impacts, risks, vulnerabilities, epidimiological modelling, natural based solutions","climate change and health impacts, risks, vulnerabilities, epidimiological modelling, natural based solutions,"
entities_cordis,915056194,FC.ID,address_geolocation,"38.7077926,-9.1365061","38.755969566,-9.153871434"
entities_cordis,999693350,,address_geolocation,"52.5232629,13.3439067","52.52330437,13.343840238"
entities_cordis,952610423,FT,address_geolocation,"48.1970355,16.2936467","48.197029931,16.293557862"
entities_cordis,998945868,FEDARENE,address_geolocation,"50.8338032,4.3583595","50.832296056,4.3692981193"
entities_cordis,984364246,REGEA NORTH-WEST CROATIA REGIONAL ENERGY AND CLIMATE AGENCY,address_city,ZAGREB,Zagreb
entities_cordis,984364246,REGEA NORTH-WEST CROATIA REGIONAL ENERGY AND CLIMATE AGENCY,address_geolocation,"45.80699955,15.95353425","45.81444,15.97798"
entities_cordis,923763690,IEECP,address_geolocation,"52.0644748,4.2452191","52.38559058,4.8430359945"
entities_cordis,892204158,RESILIENT CITIES NETWORK,address_geolocation,"51.9189114,4.4819625","52.378212368,4.8880959325"
entities_cordis,900885658,F6S IE,related_nuts_code_nuts_code,IE,IE061
entities_cordis,998341364,ICLEI EURO,address_geolocation,"47.9982357,7.853597597254902","52.5177,13.38949"
entities_cordis,998341364,ICLEI EURO,related_nuts_code_nuts_code,DE131,DE300
entities_cordis,999902870,UANTWERPEN,address_geolocation,"51.2224935,4.4101298","51.223165701,4.4107072355"
entities_cordis,949351126,,address_geolocation,"50.546945550000004,-4.31484925942968","51.51089,-0.08689"
entities_cordis,933973716,MUNICIPALITY OF EGALEO,address_geolocation,"37.9862486,23.6841667","37.98308,23.72762"
entities_cordis,933973716,MUNICIPALITY OF EGALEO,related_nuts_code_nuts_code,EL302,EL303
entities_cordis,937657194,,address_city,ATHINA,Athina
entities_cordis,937657194,,address_postal_code,11 523,115 23
entities_cordis,937657194,,address_geolocation,"38.2653828,21.7618384","37.992804613,23.762496684"
entities_cordis,997355650,CITY OF LAPPEENRANTA VILLMANSTRAND,address_geolocation,"61.1523803,28.0728869","61.057072082,28.191849128"
entities_cordis,890816670,,address_geolocation,"50.6402809,4.6667145","51.196738482,4.3185752837"
entities_cordis,992798008,Verhaert,address_geolocation,"51.195992,4.3188704","51.196738482,4.3185752837"
entities_cordis,991809966,CETMAR,address_geolocation,"42.2376602,-8.7247204","42.227746877,-8.753347323"
entities_cordis,999829635,UNIVERSIDADE DE SANTIAGO DE COMPOSTELA,address_city,SANTIAGO DE COMPOSTELA,Santiago De Compostela
entities_cordis,999829635,UNIVERSIDADE DE SANTIAGO DE COMPOSTELA,address_geolocation,"42.8804219,-8.5458607","42.88052,-8.54569"
entities_cordis,999464042,PIK,address_city,POTSDAM,Potsdam
entities_cordis,900779637,,address_city,Gjvik,GJOVIK
entities_cordis,900779637,,address_geolocation,"60.794774,10.692375","59.91206,10.74666"
entities_cordis,999963301,,address_geolocation,"47.4574255,-0.6012672105879298","47.45731302,-0.601902036"
entities_cordis,999978239,"""NCSR """"D""""""",address_postal_code,15 341,153 41
entities_cordis,999978239,"""NCSR """"D""""""",address_geolocation,"37.995,23.816","37.999285417,23.817669136"
entities_cordis,927784243,MEDSEA,address_geolocation,"39.2399717,9.1986668","39.227902479,9.1162552075"
entities_cordis,891590633,,address_geolocation,"43.3089039,5.3820394","43.323649016,5.3654159817"
entities_cordis,952516430,WS,address_street,BOULEVARD A. REYERS 80,BOULEVARD LOUIS SCHMIDT 29
entities_cordis,952516430,WS,address_postal_code,1030,1040
entities_cordis,952516430,WS,address_geolocation,"50.85118730000001,4.402094487601388","50.827017511,4.3994074242"
entities_cordis,951915806,FEUGA,address_city,SANTIAGO DE COMPOSTELA,Santiago De Compostela
entities_cordis,951915806,FEUGA,address_geolocation,"42.8804219,-8.5458607","42.88052,-8.54569"
entities_cordis,999419422,FONDAZIONE CMCC,address_city,LECCE,Lecce
entities_cordis,999419422,FONDAZIONE CMCC,address_geolocation,"41.2392104,16.5091653","40.35481,18.17244"
entities_cordis,999977851,NTNU,vat_number,,NO974767880MVA
entities_cordis,999977851,NTNU,address_city,TRONDHEIM,Trondheim
entities_cordis,999977851,NTNU,address_geolocation,"63.4193061,10.401819034181624","63.43049,10.39506"
entities_cordis,999912570,CZECH UNIVERSITY OF LIFE SCIENCES PRAGUE,address_street,KAMYCKA 129 SUCHDOL,Kamycka 129
entities_cordis,999912570,CZECH UNIVERSITY OF LIFE SCIENCES PRAGUE,address_city,PRAHA,Praha - Suchdol
entities_cordis,999912570,CZECH UNIVERSITY OF LIFE SCIENCES PRAGUE,address_geolocation,"50.1359302,14.3708154","50.130030369,14.373817972"
entities_cordis,999630494,UVIGO,address_geolocation,"42.2376602,-8.7247204","40.41985,-3.70161"
entities_cordis,999630494,UVIGO,related_nuts_code_nuts_code,ES114,ES300
entities_cordis,999591209,LUT University,address_geolocation,"61.0642487,28.0936751","61.065181196,28.092967648"
entities_cordis,999880560,URV,address_city,TARRAGONA,Tarragona
entities_cordis,999880560,URV,address_geolocation,"41.1172364,1.2546057","41.11667,1.25"
entities_cordis,999874643,UiT,address_geolocation,"69.6796518,18.9709277","69.679651842,18.97092767"
entities_cordis,998279769,KWR,address_geolocation,"52.0186579,5.1085107","52.018658059,5.1085103141"
entities_cordis,891626038,,address_city,Tione Di Trento,TIONE DI TRENTO
entities_cordis,947904080,DARPA,address_geolocation,"41.3875634,2.1662292","41.387567851,2.1662345632"
entities_cordis,961820476,"DEPARTAMENT DE TERRITORI, HABITATGE I TRANSICIO ECOLOGICA",address_geolocation,"41.3811875,2.142976831747312","41.381185032,2.1426369074"
entities_cordis,999895983,UNIVERSITAT DE GIRONA,address_city,GIRONA,Girona
entities_cordis,999895983,UNIVERSITAT DE GIRONA,address_geolocation,"41.9793006,2.8199439","41.98311,2.82493"
entities_cordis,950629877,ZPR,address_geolocation,"56.6516194,23.7241442122024","56.65,23.71278"
entities_cordis,999976493,,address_city,BERN,Bern
entities_cordis,999976493,,address_geolocation,"46.9504568,7.4366934","46.94809,7.44744"
entities_cordis,968362350,MINISTRY OF ENVIRONMENT AND ENERGY,address_geolocation,"37.9549732,23.7446482","37.988111502,23.759305442"
entities_cordis,903855313,,address_city,PARIS,Paris
entities_cordis,903855313,,address_geolocation,"48.8723405,2.3452174","48.85341,2.3488"
entities_cordis,999918972,INTERNATIONAL UNION FOR CONSERVATION OF NATURE AND NATURAL - IUCN - UICN,address_geolocation,"46.4155036,6.278084847821351","46.415435749,6.2781973585"
entities_cordis,898288580,Mantis Business Innovation Private Company,address_postal_code,14 231,142 31
entities_cordis,999887253,Eurac Research,address_city,BOLZANO,Bolzano
entities_cordis,999887253,Eurac Research,address_geolocation,"46.4944072,11.3439955","46.16289,12.18727"
entities_cordis,999887253,Eurac Research,related_nuts_code_nuts_code,ITH10,ITH33
entities_cordis,999604304,GCF,address_geolocation,"52.5228321,13.4014827","52.522799695,13.401395247"
entities_cordis,998341461,FEM,address_geolocation,"46.192907,11.133577","46.194425589,11.133899495"
entities_cordis,999884925,CIHEAM/MAICH,address_postal_code,73 100,731 00
entities_cordis,999884925,CIHEAM/MAICH,address_geolocation,"35.5141834,24.0181459","35.491808153,24.048758877"
entities_cordis,957970449,ATHENS WATER SUPPLY AND SEWERAGE COMPANY EYDAP,address_postal_code,11 146,111 46
entities_cordis,957970449,ATHENS WATER SUPPLY AND SEWERAGE COMPANY EYDAP,address_geolocation,"38.0221959,23.7487317","38.019193189,23.746602563"
entities_cordis,999533106,BEF LATVIA,related_nuts_code_nuts_code,LV00A,LV
entities_cordis,999896856,AUEB-RC,address_geolocation,"37.9841493,23.7279843","37.999027212,23.733705601"
entities_cordis,928030235,EURECAT,address_geolocation,"41.4910324,2.1374969","41.488799994,2.1263329322"
entities_cordis,916295951,,address_geolocation,"53.14675405,8.21008948922095","53.150092989,8.2241659836"
entities_cordis,997579235,,address_city,Venezia,VENEZIA
entities_cordis,997579235,,address_geolocation,"45.4371908,12.3345899","41.90085,12.49035"
entities_cordis,997579235,,related_nuts_code_nuts_code,ITH35,ITI43
entities_cordis,894026012,LOBELIA,short_name,,LOBELIA
entities_cordis,894026012,LOBELIA,address_street,CL CONGRES NUM 49,CARRER DOCTOR TRUETA 113 PLANTA 1
entities_cordis,894026012,LOBELIA,address_city,Barcelona,BARCELONA
entities_cordis,894026012,LOBELIA,address_postal_code,8031,8005
entities_cordis,894026012,LOBELIA,address_geolocation,"41.329346799999996,2.1322099668174737","41.394543146,2.1978638425"
entities_cordis,994305776,BERLINER WASSERBETRIEBE,address_geolocation,"52.5158333,13.4104844","52.515477097,13.410722042"
entities_cordis,903166225,,address_geolocation,"48.8250508,2.273457","48.85869,2.33452"
entities_cordis,903166225,,related_nuts_code_nuts_code,FR105,FR101
entities_cordis,999864555,UNEXE,address_geolocation,"50.7256471,-3.526661","50.735209687,-3.534354867"
entities_cordis,999978433,LMU MUENCHEN,address_city,MUNCHEN,Planegg
entities_cordis,999978433,LMU MUENCHEN,address_geolocation,"48.15055845,11.5798871545463","48.150508985,11.580298958"
entities_cordis,999597223,CYPRUS UNIVERSITY OF TECHNOLOGY,address_geolocation,"34.79489125,32.985589384508","34.674590991,33.04284902"
entities_cordis,999628069,CRS4,address_city,PULA CAGLIARI,Pula
entities_cordis,999628069,CRS4,address_geolocation,"38.99013155,8.935884722489938","39.001563974,9.004529608"
entities_cordis,999628069,CRS4,related_nuts_code_nuts_code,IT,ITG2F
entities_cordis,999895692,ARISTOTLE UNIVERSITY OF THESSALONIKI,address_geolocation,"40.62598349613209,22.96056716388373","40.6326131,22.9660896"
entities_cordis,999562788,ATHENA - RESEARCH AND INNOVATION CENTER,address_geolocation,"38.9953683,21.9877132","37.98308,23.72762"
entities_cordis,999562788,ATHENA - RESEARCH AND INNOVATION CENTER,related_nuts_code_nuts_code,EL301,EL303
entities_cordis,999841663,UNICA,address_city,CAGLIARI,Cagliari
entities_cordis,999841663,UNICA,address_geolocation,"39.2175849,9.1150052","39.23054,9.11917"
entities_cordis,997594173,AGENZIA PER LA RICERCA IN AGRICOLTURA DELLA REGIONE AUTONOMA DELLA SARDEGNA,address_geolocation,"40.777800400000004,8.921996955790174","40.702763076,8.4287359584"
entities_cordis,999991722,CSIC,address_city,MADRID,Madrid
entities_cordis,999991722,CSIC,address_geolocation,"40.4409945,-3.6878876","40.4165,-3.70256"
entities_cordis,997802238,ELIEEP (ELIAMEP),address_geolocation,"37.9841493,23.7279843","37.976344609,23.746451877"
entities_cordis,892041489,,address_city,TIKOB,Tikob
entities_cordis,892041489,,address_geolocation,"56.0093341,12.4557988","56.008847936,12.463865128"
entities_cordis,890805515,,address_geolocation,"43.619776,7.0477082","43.625525983,7.0399319786"
entities_cordis,999990655,TECHNICAL UNIVERSITY OF DENMARK DTU,address_city,KONGENS LYNGBY,Kongens Lyngby
entities_cordis,998709188,FV,address_geolocation,"39.4699014,-0.3759512","39.4482764,-0.3353406"
entities_cordis,999825270,UNIVERSITYOF LA LAGUNA,address_geolocation,"28.4857715,-16.3159421","28.485156604,-16.3137295"
entities_cordis,999867271,UNIVERSITE DE TOURS,address_geolocation,"47.3900474,0.6889268","47.38384501,0.6738379601"
entities_cordis,951387835,CLEANTECH BULGARIA FOUNDATION,address_city,VRATSA,Vratsa
entities_cordis,890772438,,address_geolocation,"55.707441,9.275848","56.54831678,8.3034482264"
entities_cordis,986152150,UNIVERSITY OF THESSALY - UTH,address_postal_code,38 221,382 21
entities_cordis,986152150,UNIVERSITY OF THESSALY - UTH,address_geolocation,"39.3624382,22.9418905","39.360450372,22.953768063"
entities_cordis,994857900,PPA SA,address_postal_code,18 538,185 38
entities_cordis,994857900,PPA SA,address_geolocation,"37.944369,23.6437795","37.936498382,23.628742464"
entities_cordis,953476342,NATURAL ENVIRONMENT AND CLIMATE CHANGE AGENCY,address_postal_code,11 525,115 25
entities_cordis,999997930,CNRS,address_city,PARIS,Paris
entities_cordis,999997930,CNRS,address_geolocation,"48.84755265,2.26404020346787","48.85341,2.3488"
entities_cordis,999997930,CNRS,related_nuts_code_nuts_code,FR,FR101
entities_cordis,999654356,RESEARCH UNIVERSITY INSTITUTE OF COMMUNICATION AND COMPUTER SYSTEMS,address_geolocation,"39.591621450000005,21.2955477","37.988257282,23.730574512"
entities_cordis,999643492,METU,address_geolocation,"39.9070462,32.7658431","39.905992525,32.721576381"
entities_cordis,998171129,,address_geolocation,"44.4454446,26.0465982","44.446125691,26.046645468"
entities_cordis,999584128,AIT,address_city,WIEN,Wien
entities_cordis,999584128,AIT,address_geolocation,"48.2690574,16.427193727293183","48.20832,16.36984"
entities_cordis,972702033,AQUA,address_geolocation,"41.3540679,2.1445173","41.353715398,2.1439604937"
entities_cordis,998802502,CENTRE FOR RESEARCH AND TECHNOLOGY HELLAS CERTH,address_postal_code,57 001,570 01
entities_cordis,998802502,CENTRE FOR RESEARCH AND TECHNOLOGY HELLAS CERTH,address_geolocation,"40.5472188,23.0219745","40.562500732,23.002308346"
entities_cordis,917167593,VERBUND VEB,short_name,VERBUND TRADING,VERBUND VEB
entities_cordis,999976590,UNINA,address_geolocation,"40.9148194,14.3511247","40.844864306,14.257090499"
entities_cordis,952853408,FIC,address_city,MADRID,Madrid
entities_cordis,952853408,FIC,address_geolocation,"40.4167047,-3.7035824","40.4165,-3.70256"
entities_cordis,996435993,IREC-CERCA,address_geolocation,"41.4304832,2.2182775","41.414463913,2.221389533"
entities_cordis,998850517,LNEC,address_geolocation,"38.7619069,-9.1308178","38.761392696,-9.140396011"
entities_cordis,885394564,SOUTH AEGEAN REGION,address_geolocation,"37.9919195,23.6784038","37.98308,23.72762"
entities_cordis,885394564,SOUTH AEGEAN REGION,related_nuts_code_nuts_code,EL421,EL303
entities_cordis,996151686,DRAXIS,address_postal_code,54 655,546 55
entities_cordis,996151686,DRAXIS,address_geolocation,"40.6403167,22.9352716","40.592833511,22.949890617"
entities_cordis,999976202,UPC,address_geolocation,"41.3825596,2.1771353","41.389320088,2.1162276259"
entities_cordis,998224285,CETAQUA,address_geolocation,"41.355724,2.0706225","41.358989267,2.0716825141"
entities_cordis,937664954,AMB,address_city,BARCELONA,Barcelona
entities_cordis,937664954,AMB,address_geolocation,"41.3825596,2.1771353","41.38879,2.15899"
entities_cordis,941584239,SIMBIOTICA,address_city,MADRID,Madrid
entities_cordis,941584239,SIMBIOTICA,address_geolocation,"40.4167047,-3.7035825","40.4165,-3.70256"
entities_cordis,954530344,,address_geolocation,"52.3347068,4.8664359","52.334591645,4.8664760705"
entities_cordis,999520302,Deltares,address_geolocation,"51.9863726,4.3822529","51.986372644,4.3822529374"
entities_cordis,999984350,UOXF,address_geolocation,"51.7520131,-1.2578498","51.75788,-1.2621"
entities_cordis,999923240,UL,address_geolocation,"46.048973,14.5039794308021","46.049191214,14.504153465"
entities_cordis,997710476,FONDAZIONE CIMA,address_geolocation,"44.2334238,8.252572737021062","44.299477445,8.4508760835"
entities_cordis,993675955,,address_geolocation,"50.84579615,4.3576019712109435","50.842786888,4.3804826794"
entities_cordis,999703438,ISP,address_geolocation,"41.395646049999996,2.17344200452567","41.395526762,2.1737154118"
entities_cordis,998241357,MINISTRY OF THE INTERIOR,address_geolocation,"60.1674098,24.9425769","60.170724965,24.955342172"
entities_cordis,986958026,IGOT UL,address_city,Lisboa,LISBOA
entities_cordis,986958026,IGOT UL,address_geolocation,"38.6272781,-8.929688654264213","38.73247,-9.13372"
entities_cordis,956948457,,address_geolocation,"49.1504685,18.73753901945041","49.221652299,18.742573698"
entities_cordis,951227688,FBA,address_city,WARSZAWA,Warszawa
entities_cordis,951227688,FBA,address_geolocation,"52.2590324,20.9735191","52.180472837,20.996954116"
entities_cordis,986071446,LVGMC,legal_name,"LATVIJAS VIDES, GEOLOGIJAS UN METEOROLOGIJAS CENTRS SIA",LATVIJAS VIDES GEOLOGIJAS UN METEOROLOGIJAS CENTRS SIA
entities_cordis,999452596,IIASA,address_geolocation,"48.0682722,16.3581708","48.068340015,16.358178061"
entities_cordis,999916741,ECMWF,address_geolocation,"51.4580216,-0.9673726","51.51089,-0.08689"
entities_cordis,999591306,FMI,address_geolocation,"60.1674086,24.9425683","60.203817347,24.960789487"
entities_cordis,937270746,KAJO,address_city,BYTCA,Bytca
entities_cordis,937270746,KAJO,address_geolocation,"49.22040400269959,18.562939276688407","49.22026522,18.562961416"
entities_cordis,882323059,,address_geolocation,"37.5835402,-2.5766049","41.313733502,-4.364200438"
entities_cordis,887889113,MUNICIPALITY OF SITIA,address_geolocation,"35.2066248,26.1049708","35.205716698,26.106963114"
entities_cordis,999654744,REGIONH,address_geolocation,"55.9321242,12.3488916","55.730680272,12.440709785"
entities_cordis,943385141,NEMO srl,address_geolocation,"43.7698712,11.2555757","43.774240601,11.272550426"
entities_cordis,907328786,AALAND GOV,short_name,ÅLANDS LANDSKAPSREGERING/ALLMANNA FÖRVALTNINGEN,AALAND GOV
entities_cordis,907328786,AALAND GOV,address_geolocation,"60.0981946,19.9450444","60.098005584,19.944962738"
entities_cordis,999994535,,address_city,HELSINGIN YLIOPISTO,Helsinki
entities_cordis,999994535,,address_geolocation,"60.1721612,24.947271","60.169481,24.950862"
entities_cordis,999994535,,related_nuts_code_nuts_code,FI,FI1B1
entities_cordis,906147035,DEMOS RESEARCH INSTITUTE,address_geolocation,"60.1699216,24.9214176","60.169429416,24.922866907"
entities_cordis,996410094,ZABALA,address_geolocation,"42.80054605,-1.6218704382256652","40.41985,-3.70161"
entities_cordis,996410094,ZABALA,related_nuts_code_nuts_code,ES220,ES300
entities_cordis,998823842,RT,address_geolocation,"43.7698712,11.2555757","43.772800506,11.257887125"
entities_cordis,997534324,RADIO- JATELEVISIOTEKNIIKAN TUTKIMUS RTT,address_city,HELSINKI,Helsinki
entities_cordis,997534324,RADIO- JATELEVISIOTEKNIIKAN TUTKIMUS RTT,address_geolocation,"60.1667936,24.9509152","60.16952,24.93545"
entities_cordis,877276828,EUSKALMET,address_geolocation,"42.8640047,-2.6864443517642917","42.864115994,-2.685901747"
entities_cordis,896576142,,address_geolocation,"58.3853057,24.499111551362027","58.385400124,24.499052067"
entities_cordis,885641526,,address_geolocation,"58.38247615,24.509879814220504","58.382366797,24.510423711"
entities_cordis,999479368,SPI,address_city,PORTO,Porto
entities_cordis,999479368,SPI,address_geolocation,"41.1494512,-8.6107884","41.14961,-8.61099"
entities_cordis,999479368,SPI,related_nuts_code_nuts_code,PT,PT11A
entities_cordis,932760440,VTT,address_geolocation,"60.2051454,24.6569676","60.186421252,24.813287773"
entities_cordis,999849811,,address_geolocation,"43.3113376,-0.3645525","43.311338412,-0.364524271"
entities_cordis,952727405,FRCT,address_geolocation,"37.7394344,-25.6683618","37.73952,-25.66874"
entities_cordis,900476900,HELSINKI-UUSIMAA REGIONAL COUNCIL,address_geolocation,"60.1975724,24.9267808","60.16952,24.93545"
entities_cordis,887039296,,address_city,San Casciano In Val Di Pesa,SAN CASCIANO IN VAL DI PESA
entities_cordis,999604110,TECNALIA,address_street,"PARQUE CIENTIFICO Y TECNOLOGICO DE BIZKAIA, ASTONDO BIDEA, EDIFICIO 700",PARQUE CIENTIFICO Y TECNOLOGICO DE GIPUZKOA MIKELETEGI PASEALEKUA 2
entities_cordis,999604110,TECNALIA,address_city,DERIO  BIZKAIA,DONOSTIA/SAN SEBASTIAN
entities_cordis,999604110,TECNALIA,address_postal_code,48160,20009
entities_cordis,999895789,UNIFI,address_geolocation,"43.7778118,11.2594064","43.777811794,11.259406428"
entities_cordis,885510770,,address_geolocation,"41.65413555,-4.740762395039724","41.653110819,-4.738481727"
entities_cordis,999778225,"INDUSTRIA, TRANTSIZIO ENERGETIKO ETA JASANGARRITASUN SAILA",legal_name,"CONSEJERIA DE DESARROLLO ECONÓMICO, SOSTENIBILIDAD Y MEDIO AMBIENTE. EUSKO JAURLARITZA-GOBIERNO VASCO","DEPARTAMENTO DE INDUSTRIA, TRANSICION ENERGETICA Y SOSTENIBILIDAD - GOBIERNO VASCO"
entities_cordis,999778225,"INDUSTRIA, TRANTSIZIO ENERGETIKO ETA JASANGARRITASUN SAILA",short_name,,"INDUSTRIA, TRANTSIZIO ENERGETIKO ETA JASANGARRITASUN SAILA"
entities_cordis,999778225,"INDUSTRIA, TRANTSIZIO ENERGETIKO ETA JASANGARRITASUN SAILA",address_street,"c/Donostia-San Sebastian, 1",SAMANIEGO 2
entities_cordis,999778225,"INDUSTRIA, TRANTSIZIO ENERGETIKO ETA JASANGARRITASUN SAILA",address_city,Vitoria-Gasteiz,VITORIA-GASTEIZ
entities_cordis,999778225,"INDUSTRIA, TRANTSIZIO ENERGETIKO ETA JASANGARRITASUN SAILA",address_postal_code,1010,1008
entities_cordis,999778225,"INDUSTRIA, TRANTSIZIO ENERGETIKO ETA JASANGARRITASUN SAILA",address_geolocation,"42.80583,-2.774991763205275","42.847962485,-2.676348973"
entities_cordis,999991043,UCPH,address_geolocation,"55.68012,12.571506","55.67452,12.56442"
entities_cordis,999951467,RINA-C,address_geolocation,"44.3975723,8.9565548","41.90085,12.49035"
entities_cordis,999951467,RINA-C,related_nuts_code_nuts_code,ITC33,ITI43
entities_cordis,882206174,VIVEROS NAVALFRESA SL,address_geolocation,"41.2159893,-4.2557274","41.2151515,-4.2580424"
entities_cordis,987834033,VIA UC,address_geolocation,"56.19294,10.181167","56.192940388,10.181167456"
entities_cordis,987834033,VIA UC,related_nuts_code_nuts_code,NO081,DK042
entities_cordis,906406607,,address_geolocation,"43.4938579,-1.4823455","43.493858019,-1.482345025"
entities_cordis,999884731,SSSA,address_city,PISA,Pisa
entities_cordis,999884731,SSSA,address_geolocation,"43.72042835,10.403615731320489","43.70853,10.4036"
entities_cordis,999514385,AZTI,address_geolocation,"43.394207,-2.6970991","40.41985,-3.70161"
entities_cordis,999514385,AZTI,related_nuts_code_nuts_code,ES213,ES300
entities_cordis,999929836,CARTIF,address_city,BOECILLO,Boecillo
entities_cordis,999929836,CARTIF,address_geolocation,"41.5406814,-4.6993792","41.5409,-4.6994"
entities_cordis,998373665,ZEALCO,address_geolocation,"55.438033,11.559259","55.438033331,11.559259124"
entities_cordis,999960488,ENG,address_city,ROMA,Roma
entities_cordis,999960488,ENG,address_geolocation,"41.81435465,12.226936957567165","41.837137598,12.471024698"
entities_cordis,999522921,RS,address_geolocation,"59.3251172,18.0710935","59.328783201,18.040095027"
entities_cordis,999448425,STOCKHOLM ENVIRONMENT INSTITUTE TALLINN CENTRE,address_geolocation,"59.4397226,24.7459067073005","59.43696,24.75353"
entities_cordis,913789374,RST-TTO,address_city,Sofia,SOFIA
entities_cordis,966998336,BURGAS MUNICIPALITY,address_geolocation,"42.4923486,27.4729536","42.493083716,27.47233122"
entities_cordis,915844901,EKUK,address_geolocation,"59.424741,24.691322879318395","59.43696,24.75353"
entities_cordis,998175688,UNIVERSIDADE DOS ACORES,related_nuts_code_nuts_code,PT,PT200
entities_cordis,915811533,REVOLVE,address_geolocation,"50.842663599999995,4.3741779743827145","50.846543825,4.3805835975"
entities_cordis,990681953,,address_city,BILBAO,Bilbao
entities_cordis,990681953,,address_geolocation,"43.27374935,-2.9648272851730884","43.26271,-2.92528"
entities_cordis,960438420,,address_geolocation,"48.88890765,2.249890445917404","48.888749005,2.2424340259"
entities_cordis,999751744,ATC A.E.,address_postal_code,15 233,152 33
entities_cordis,999751744,ATC A.E.,address_geolocation,"38.9953683,21.9877132","38.030789806,23.797038004"
entities_cordis,998830535,,address_geolocation,"51.833333,-1.25","51.51089,-0.08689"
entities_cordis,999974650,UNIGE,address_geolocation,"46.1997835,6.1426293","46.199635312,6.1422017338"
entities_cordis,999514191,APRE,address_geolocation,"41.8990667,12.4977092","41.899070894,12.497710582"
entities_cordis,952410118,,address_geolocation,"41.6576474,-0.885778","41.666168,-0.8900207"
entities_cordis,999450268,SEI,address_street,BOX 24218,VIRKESVAGEN 1A
entities_cordis,999450268,SEI,address_city,Stockholm,STOCKHOLM
entities_cordis,999450268,SEI,address_postal_code,104 51,120 30
entities_cordis,999450268,SEI,address_geolocation,"59.3251172,18.0710935","59.301458867,18.09060471"
entities_cordis,937663402,EUROPEAN CITIZEN SCIENCE ASSOCIATION,legal_name,VEREIN DER EUROPAEISCHEN BURGERWISSENSCHAFTEN - ECSA E.V.,VEREIN DER EUROPAISCHEN BURGEWISSENSCHAFTEN - ECSA EV
entities_cordis,937663402,EUROPEAN CITIZEN SCIENCE ASSOCIATION,address_geolocation,"52.5304903,13.3791152","52.530037301,13.379431224"
entities_cordis,999655520,BSC CNS,address_geolocation,"41.75786995,2.031182036159852","41.389320088,2.1162276259"
entities_cordis,999512930,RISA,address_city,BERLIN,Berlin
entities_cordis,999512930,RISA,address_geolocation,"52.5070586,13.3095578","52.52437,13.41053"
entities_cordis,896926118,,vat_number,,EL998437175
entities_cordis,896926118,,address_geolocation,"38.9004584,22.4341691","38.801944373,22.541136417"
entities_cordis,986311327,FGRID,address_geolocation,"60.2202986,24.9423336","60.21996785,24.942833523"
entities_cordis,999907526,UoB,address_geolocation,"52.4609756,-1.9172134","52.453267198,-1.927895817"
entities_cordis,999516131,TECNIC,address_geolocation,"44.4972083,11.3199525","41.91672729,12.461188702"
entities_cordis,997352934,UHK,address_geolocation,"22.2536889,114.1392302","22.2605244,114.1361846"
entities_cordis,953676744,BIBM,address_geolocation,"50.8465565,4.351697","50.842372361,4.3740115987"
entities_cordis,999993953,UNIBO,address_geolocation,"44.4968718,11.3524529","44.496930011,11.352420911"
entities_cordis,999989782,,address_geolocation,"53.219246,6.5631006","53.219247001,6.5631014325"
entities_cordis,999974747,USTUTT,address_geolocation,"48.7831165,9.174964","48.781548989,9.1747319741"
entities_cordis,999985805,UU,address_geolocation,"52.0851807,5.1754514","52.085180488,5.1754507912"
entities_cordis,996855421,,address_geolocation,"45.6500335,13.7706559","45.649501502,13.768395788"
entities_cordis,915868569,ENVIRONMENTAL RELIABILITY AND RISK ANALYSIS,address_city,Athens,ATHENS
entities_cordis,915868569,ENVIRONMENTAL RELIABILITY AND RISK ANALYSIS,address_postal_code,11745,117 45
entities_cordis,950971414,REGION OF WESTERN MACEDONIA,address_geolocation,"40.300386400266916,21.788852975970062","40.315540862,21.704994647"
entities_cordis,907509788,CITIES NETWORK FOR SUSTAINABLE DEVELOPMENT AND CIRCULAR ECONOMY,legal_name,DIKTYO POLEON GIA TI VIOSIMI ANAPTYXI KAI KYKLIKI OIKONOMIA,DIKTYO POLEON GIA TI VIOSIMI ANAPTYXI KAI KYKLIKI OIKONOMIA A.M.K.E.
entities_cordis,907509788,CITIES NETWORK FOR SUSTAINABLE DEVELOPMENT AND CIRCULAR ECONOMY,address_geolocation,"37.8600889,23.76988","37.98308,23.72762"
entities_cordis,907509788,CITIES NETWORK FOR SUSTAINABLE DEVELOPMENT AND CIRCULAR ECONOMY,related_nuts_code_nuts_code,EL304,EL303
entities_cordis,888396811,IIED Europe,address_street,PLANTAGE MIDDENLAAN 2K,PLANTAGE MIDDENLAAN 2G
entities_cordis,888396811,IIED Europe,address_city,Amsterdam,AMSTERDAM
entities_cordis,888396811,IIED Europe,address_geolocation,"52.3671169,4.9087769","52.367160829,4.9084968981"
entities_cordis,989552000,PPMI,short_name,PUBLIC POLICY AND MANAGEMENT INSTITUTE,PPMI
entities_cordis,997382713,ERRIN,address_city,BRUXELLES,Bruxelles / Brussel
entities_cordis,997382713,ERRIN,address_geolocation,"50.8402747,4.366858","50.840245202,4.3669019008"
entities_cordis,998403541,PWA,address_geolocation,"51.7845433,-1.2621222","51.78431377,-1.264235734"
entities_cordis,878875582,Climate KIC,short_name,,Climate KIC
entities_cordis,878875582,Climate KIC,address_geolocation,"52.3655771,4.9147693","52.365577236,4.9147685733"
entities_cordis,974802471,Climate Centre,short_name,IRC RCCCCDP,Climate Centre
entities_cordis,974802471,Climate Centre,address_city,Den Haag,DEN HAAG
entities_cordis,974802471,Climate Centre,address_geolocation,"52.0663724,4.3219193","52.37291,4.89142"
entities_cordis,974802471,Climate Centre,related_nuts_code_nuts_code,NL361,NL32B
entities_cordis,999677733,LGI,address_city,PARIS,Paris
entities_cordis,999677733,LGI,address_geolocation,"48.8509791,2.3856979","48.85341,2.3488"
entities_cordis,889463132,,address_geolocation,"50.7959091,4.3350915","50.796062388,4.3342853171"
entities_cordis,920286919,GOBAL INFRASTRUCTURE BASEL FOUNDATION,vat_number,,CHE116200025TVA
entities_cordis,920286919,GOBAL INFRASTRUCTURE BASEL FOUNDATION,short_name,STIFTUNG GLOBAL INFRASTRUCTURE BASEL,GOBAL INFRASTRUCTURE BASEL FOUNDATION
entities_cordis,920286919,GOBAL INFRASTRUCTURE BASEL FOUNDATION,address_street,ELISABETHENSTRASSE 22,ELISABETHENSTRASSE 28
entities_cordis,920286919,GOBAL INFRASTRUCTURE BASEL FOUNDATION,address_city,Basel,BASEL
entities_cordis,920286919,GOBAL INFRASTRUCTURE BASEL FOUNDATION,address_geolocation,"47.5516226,7.5908762","47.551476326,7.5908698643"
entities_cordis,930725089,REGION OF EAST MACEDONIA AND THRACE,address_geolocation,"41.117833,25.4041307","41.115352242,25.398040194"
entities_cordis,993966082,ABO STAD CITY OF TURKU,address_geolocation,"60.4512054,22.2631139","60.451347437,22.262726772"
entities_cordis,886553617,,related_nuts_code_nuts_code,NO081,NO071
entities_cordis,999997736,AU,address_geolocation,"56.171028,10.199381","56.171028417,10.199380829"
entities_cordis,999920718,RTU,address_city,RIGA,Riga
entities_cordis,999920718,RTU,address_geolocation,"56.9473335,24.1054291800387","56.946,24.10589"
entities_cordis,999920718,RTU,related_nuts_code_nuts_code,LV,LV00A
entities_cordis,951433134,BLC3,address_geolocation,"40.3790757,-7.857184888594514","40.3618,-7.86014"
entities_cordis,889667511,,address_geolocation,"62.471095,6.233526","62.471094538,6.2335261732"
entities_cordis,898469679,FASTTRACK,legal_name,"FASTTRACK VENTURES, LDA",FASTTRACK VENTURES LDA
entities_cordis,898469679,FASTTRACK,address_geolocation,"38.6272781,-8.929688654264213","38.73247,-9.13372"
entities_cordis,886871292,REGIONAL DEVELOPMENT FUND EAST MACEDONIA THRACE,address_city,Komotini,KOMOTINI
entities_cordis,891458131,,address_geolocation,"49.18654545,-0.3526498293128191","49.18673,-0.35248"
entities_cordis,881998109,,address_geolocation,"62.471095,6.233526","62.471094538,6.2335261732"
entities_cordis,886540231,COMUNIDADE INTERMUNICIPAL DO MEDIO TEJO,address_geolocation,"39.5995011,-8.4144187","39.6008012,-8.4140631"
entities_cordis,953461695,ITeCons,address_geolocation,"40.1922099,-8.4160142","40.190141949,-8.41376965"
entities_cordis,983970426,MédioTejo 21,address_city,Abrantes,ABRANTES
entities_cordis,885391557,VESTERALEN REGIONRAD,address_geolocation,"68.6957987,15.4160452","68.695798716,15.416045187"
entities_cordis,953501562,CEDES,address_street,RUA DR AFONSO CORDEIRO 877 SALA 201,AV AVENIDA MANUEL VIOLAS N 476
entities_cordis,953501562,CEDES,address_city,Matosinhos,VILA NOVA DE GAIA
entities_cordis,953501562,CEDES,address_postal_code,4450 007,4410 137
entities_cordis,953501562,CEDES,address_geolocation,"41.1806814,-8.6821998","41.025477513,-8.619952495"
entities_cordis,913040049,,address_geolocation,"50.8457119,4.3687936","50.84581154,4.3692145517"
entities_cordis,886632090,AJUNTAMENT DE BLANES,address_geolocation,"41.673638350000004,2.791576472684212","41.674070773,2.7920379316"
entities_cordis,879792038,VESTERALSRADET,address_geolocation,"68.6957987,15.4160452","68.695798716,15.416045187"
entities_cordis,879924928,,address_geolocation,"38.9174665,-6.3443977","38.9158586,-6.3456061"
entities_cordis,995943233,BLEKINGE  LAN COUNTY COUNCIL OF BLEKINGE,address_geolocation,"56.1798559,15.582324","56.181803767,15.602864781"
entities_cordis,894000307,,address_geolocation,"48.84236625,2.4364478517842016","48.843400017,2.4293539871"
entities_cordis,999987939,,address_geolocation,"48.5849051,7.7546812","48.58489299,7.754661975"
entities_cordis,999987939,,related_nuts_code_nuts_code,FR,FRF11
entities_cordis,951026025,FUNDECYT PCTEX,address_geolocation,"38.8764686,-6.9733663","38.87789,-6.97061"
entities_cordis,999858832,UEx,address_city,BADAJOZ,Badajoz
entities_cordis,999858832,UEx,address_geolocation,"38.8764686,-6.9733663","38.87789,-6.97061"
entities_cordis,999659109,DEMOCRITUS UNIVERSITY OF THRACE (DUTH),address_geolocation,"41.117833,25.4041307","37.98308,23.72762"
entities_cordis,999659109,DEMOCRITUS UNIVERSITY OF THRACE (DUTH),related_nuts_code_nuts_code,EL513,EL303
entities_cordis,920867270,,legal_name,"CONSEJERIA DE AGRICULTURA, GANADERIA Y DESARROLLO SOSTENIBLE - JUNTA DE EXTREMADURA","CONSEJERIA DE AGRICULTURA, GANADERIA Y MEDIO NATURAL - JUNTA DE EXTREMADURA"
entities_cordis,920867270,,address_geolocation,"38.9219842,-6.3304738","38.906807769,-6.361331754"
entities_cordis,910945140,SINTEF,address_geolocation,"63.4134536,10.4089353","63.413454184,10.40894073"
entities_cordis,999523503,,address_geolocation,"41.1207528,16.8844033","41.108553783,16.912903309"
entities_cordis,934887262,LUKE,short_name,LUKE - NATURAL RESOURCES INSTITUTE FINLAND,LUKE
entities_cordis,934887262,LUKE,address_geolocation,"60.2289819,25.0184561","60.229014815,25.019107081"
entities_cordis,891931006,CIMBAL,address_geolocation,"37.8250335,-7.933855145708009","38.009607218,-7.862486223"
entities_cordis,999589172,BTH,address_geolocation,"56.1621073,15.5866422","56.16156,15.58661"
entities_cordis,948193431,Turku UAS,address_city,TURKU,Turku
entities_cordis,948193431,Turku UAS,address_geolocation,"60.451029,22.2933415","60.45148,22.26869"
entities_cordis,998006229,NIRAS AS,address_city,Alleroed,ALLEROED
entities_cordis,998006229,NIRAS AS,address_geolocation,"55.866667,12.379965","55.67452,12.56442"
entities_cordis,998006229,NIRAS AS,related_nuts_code_nuts_code,DK013,DK011
entities_cordis,998376284,ONU ODESSA I.I.MECHNKOV NATIONAL UNIVERSITY,address_geolocation,"49.4871968,31.2718321","46.48572,30.74383"
entities_cordis,997474572,AYUNTAMIENTO DE TERRASSA,short_name,,AYUNTAMIENTO DE TERRASSA
entities_cordis,997474572,AYUNTAMIENTO DE TERRASSA,address_street,RAVAL DE MONTSERRAT  12,RAVAL DE MONTSERRAT 14
entities_cordis,997474572,AYUNTAMIENTO DE TERRASSA,address_city,Terrassa,TERRASSA
entities_cordis,889350709,ACCENT SUD,address_geolocation,"44.8208054,-0.5953592","44.820804989,-0.595359039"
entities_cordis,998268905,HYDS,address_geolocation,"41.3825596,2.1771353","41.387600918,2.1136480114"
entities_cordis,907047195,,address_city,BARCELONA,Barcelona
entities_cordis,907047195,,address_geolocation,"41.3980527,2.1919586","41.398050846,2.1919675088"
entities_cordis,940719872,Zentrum fuer Soziale Innovation GmbH,address_geolocation,"48.1841681,16.3310434","48.18415977,16.331040476"
entities_cordis,950162434,TECNOPOLIS PST,address_geolocation,"41.045333,16.885086","41.04376,16.88491"
entities_cordis,949379741,INSTITUTO POLITÉCNICO DE PORTALEGRE,address_geolocation,"39.5185343,-7.6489575","39.291157591,-7.432930061"
entities_cordis,999928478,INOVA+,address_city,MATOSINHOS,Matosinhos
entities_cordis,999928478,INOVA+,address_geolocation,"41.1806814,-8.6821998","41.18207,-8.68908"
entities_cordis,955664468,,address_geolocation,"40.2109801,-8.4292056","40.210072236,-8.408967953"
entities_cordis,950866460,VARSINAIS-SUOMI MAAKUNTA EGENTLIGA FINLANDS FORBUND REGIONAL COUNCIL OF SOUTHWESTFINLAND,address_geolocation,"60.4543307,22.2568721587028","60.440610879,22.243790539"
entities_cordis,896590692,,address_geolocation,"41.2977251,-7.7457871","41.30062,-7.74413"
entities_cordis,948933735,CEREMA,address_geolocation,"45.7388687,4.926552","45.758411007,4.8633620259"
entities_cordis,948933735,CEREMA,related_nuts_code_nuts_code,FR,FRK26
entities_cordis,999991334,KU Leuven,address_city,LEUVEN,Leuven
entities_cordis,999991334,KU Leuven,address_geolocation,"50.8780592,4.699407640209","50.87959,4.70093"
entities_cordis,936214707,FOUNDATION MUSEUM NORD,address_geolocation,"68.5038822,14.8052184","68.50246,14.79962"
entities_cordis,999903064,UNIVERSITY OF TURKU,address_geolocation,"60.45596125,22.2860007636948","60.45148,22.26869"
entities_cordis,999903064,UNIVERSITY OF TURKU,related_nuts_code_nuts_code,FI,FI1C1
entities_cordis,929602993,CIM-RC,address_geolocation,"40.202159052685786,-8.41794052417229","40.201304059,-8.416980408"
entities_cordis,998927923,IHS,address_city,WIEN,Wien
entities_cordis,998927923,IHS,address_geolocation,"48.2095198,16.3478847","48.209700602,16.347828087"
entities_cordis,994801543,GREEN LIBERTY,address_city,RIGA,Riga
entities_cordis,994801543,GREEN LIBERTY,related_nuts_code_nuts_code,LV,LV00A
entities_cordis,937861670,Riga Energy Agency (REA),address_street,Maza Jauniela 5,Tornu street 4
entities_cordis,937861670,Riga Energy Agency (REA),address_postal_code,1539,LV-1050
entities_cordis,937861670,Riga Energy Agency (REA),address_geolocation,"56.948003299999996,24.105344185015785","56.951544241,24.107881973"
entities_cordis,998325941,DEEP BLUE,address_geolocation,"41.9075874,12.4696771","41.899168585,12.499339102"
entities_cordis,999902094,VUB,address_city,BRUSSEL,Bruxelles / Brussel
entities_cordis,999902094,VUB,address_geolocation,"50.8232159,4.3920206","50.823004968,4.3926172445"
entities_cordis,986593888,EIP,address_geolocation,"44.4361414,26.1027202","44.42802,26.09665"
entities_cordis,999647857,VILNIUS TECH,address_city,VILNIUS,Vilnius
entities_cordis,999647857,VILNIUS TECH,address_geolocation,"54.7216492,25.3375902203968","54.68916,25.2798"
entities_cordis,938047328,,address_geolocation,"40.4167047,-3.7035825","40.4165,-3.70256"
entities_cordis,999840693,UNIVERSITY OF THE AEGEAN,address_city,MYTILINI,Mytilini
entities_cordis,999840693,UNIVERSITY OF THE AEGEAN,address_postal_code,81 100,811 00
entities_cordis,999840693,UNIVERSITY OF THE AEGEAN,address_geolocation,"39.1096774,26.2812794","39.107893,26.555374"
entities_cordis,999992304,JRC,address_geolocation,"50.84367747807197,4.3824068537064536","50.843482167,4.3825603856"
entities_cordis,930696183,COUNTY COUNCIL OF AVILA,address_geolocation,"40.656478,-4.7002172","40.41985,-3.70161"
entities_cordis,930696183,COUNTY COUNCIL OF AVILA,related_nuts_code_nuts_code,ES411,ES300
entities_cordis,937658649,,address_city,Liberec,LIBEREC
entities_cordis,992674042,CAMARA MUNICIPALDO PORTO,address_geolocation,"41.1494613,-8.610789481518523","41.14961,-8.61099"
entities_cordis,909584812,,address_city,PORTO,Porto
entities_cordis,909584812,,address_geolocation,"41.1494512,-8.6107884","41.14961,-8.61099"
entities_cordis,909584812,,related_nuts_code_nuts_code,PT,PT11A
entities_cordis,888059445,,address_city,Strasbourg,STRASBOURG
entities_cordis,912703168,,address_geolocation,"45.4839036,9.2263579","45.483856781,9.2262861269"
entities_cordis,998322449,,legal_name,AMBIENTE ITALIA SRL,AMBIT 1995 S.R.L. in liquidazione
entities_cordis,998322449,,address_geolocation,"45.6041704,8.9057133","41.90085,12.49035"
entities_cordis,998322449,,related_nuts_code_nuts_code,ITC4C,ITI43
entities_cordis,919991845,POLE DE COMPETITIVITE FINANCE INNOVATION,vat_number,FR58393769252,FR0K393769252
entities_cordis,919991845,POLE DE COMPETITIVITE FINANCE INNOVATION,short_name,,POLE DE COMPETITIVITE FINANCE INNOVATION
entities_cordis,919991845,POLE DE COMPETITIVITE FINANCE INNOVATION,address_street,PALAIS DE LA BOURSE PL DE LA BOURSE,28 PLACE DE LA BOURSE
entities_cordis,919991845,POLE DE COMPETITIVITE FINANCE INNOVATION,address_city,PARIS,Paris
entities_cordis,919991845,POLE DE COMPETITIVITE FINANCE INNOVATION,address_geolocation,"48.8689508,2.3407195","48.869404997,2.3418549645"
entities_cordis,902859220,,address_geolocation,"43.5298424,5.4474738","43.488703938,5.3568453401"
entities_cordis,997911169,ENVIROS,address_city,Praha 10,PRAHA 10
entities_cordis,928116856,COMUNE DI BERGAMO,address_city,BERGAMO,Bergamo
entities_cordis,928116856,COMUNE DI BERGAMO,address_geolocation,"45.68079935,9.7188797375067","45.694457714,9.6684129116"
entities_cordis,885227336,ICCREA BANCA S.P.A.,address_city,Roma,ROMA
entities_cordis,984462119,ALEA,vat_number,,RO23434556
entities_cordis,999575107,VL O,address_city,BRUSSEL,Bruxelles / Brussel
entities_cordis,999575107,VL O,address_geolocation,"50.86621705,4.350107410729449","50.866036527,4.3500079235"
entities_cordis,888171771,,address_city,Bucuresti,BUCURESTI
entities_cordis,889989551,,address_city,Copenhagen,COPENHAGEN
entities_cordis,998946644,ENERGAP,address_geolocation,"46.5599392,15.6373107","46.55472,15.64667"
entities_cordis,952991536,AIM,short_name,PRIMARIA MUNICIPIULUI ALBA IULIA,AIM
entities_cordis,952991536,AIM,address_city,ALBA IULIA,Alba Iulia
entities_cordis,952991536,AIM,address_geolocation,"46.0885175,23.5569839","46.06667,23.58333"
entities_cordis,885070778,,address_city,Naples,NAPLES
entities_cordis,929489794,PERIFEREIA,address_postal_code,35 131,351 31
entities_cordis,929489794,PERIFEREIA,address_geolocation,"38.8763324,22.4545881","38.90215402,22.431799733"
entities_cordis,929489794,PERIFEREIA,related_nuts_code_nuts_code,EL,EL644
entities_cordis,882863737,OSIJEK BARANJA COUNTY,address_city,Osijek,OSIJEK
entities_cordis,983974306,FRC,address_geolocation,"35.1739302,33.364726","35.1694723,33.3587067"
entities_cordis,998122338,,address_geolocation,"38.08010835,13.50946004612016","38.109871302,13.352109489"
entities_cordis,999516907,CIRCE,address_city,ZARAGOZA,Zaragoza
entities_cordis,999516907,CIRCE,address_geolocation,"41.6521342,-0.8809427","41.65606,-0.87734"
entities_cordis,902128228,HYDRASPIS,address_geolocation,"39.33403905,21.888828685912713","39.363381108,21.918997831"
entities_cordis,936789432,,address_city,Uniao das Freguesias de Evora,EVORA
entities_cordis,936789432,,related_nuts_code_nuts_code,PT1C4,PT
entities_cordis,953068069,SVI.MED.,address_street,VIA TEOCRITO 6A,VIA VINCENZO LOREFICE N.2
entities_cordis,953068069,SVI.MED.,address_city,Ragusa Rg,RAGUSA RG
entities_cordis,891712756,CORE IC,address_geolocation,"38.468310163598275,23.605361793010715","38.47053374,23.602706402"
entities_cordis,999874061,UNICT,address_city,CATANIA,Catania
entities_cordis,999874061,UNICT,address_geolocation,"37.5021788,15.0872574","37.49223,15.07041"
entities_cordis,999993468,,address_geolocation,"51.5073219,-0.1276473","51.500504604,-0.178218708"
entities_cordis,999837977,UVIC-UCC,address_geolocation,"41.9292417,2.2548654","40.41985,-3.70161"
entities_cordis,999837977,UVIC-UCC,related_nuts_code_nuts_code,ES511,ES300
entities_cordis,943996241,,address_geolocation,"40.3957624,-3.6704421817073163","40.395772662,-3.670367004"
entities_cordis,955902409,TECHNICAL UNIT OT THE EURO-MEDITERRANEAN INFORMATION SYSTEM ON THE KNOW HOW IN THE WATER SECTOR,address_geolocation,"43.619776,7.0477082","43.615137025,7.054576589"
entities_cordis,885307264,,address_city,Nicosia,NICOSIA
entities_cordis,937439429,,address_city,İzmir,IZMIR
entities_cordis,968797880,IBB,address_geolocation,"38.424653,27.132448","38.425053492,27.142878923"
entities_cordis,968797880,IBB,related_nuts_code_nuts_code,TR,TR310
entities_cordis,887760879,BABEG,address_city,Klagenfurt Am Woerthersee,KLAGENFURT AM WOERTHERSEE
entities_cordis,887760879,BABEG,related_nuts_code_nuts_code,AT211,AT130
entities_cordis,998269196,UNIVERSIDADE DE EVORA,address_city,EVORA,Uniao das Freguesias de Evora
entities_cordis,998269196,UNIVERSIDADE DE EVORA,address_geolocation,"38.5732763,-7.905892","38.573079598,-7.905451057"
entities_cordis,998269196,UNIVERSIDADE DE EVORA,related_nuts_code_nuts_code,PT,PT1C4
entities_cordis,943824454,EMUASA,address_city,Murcia,MURCIA
entities_cordis,940242632,,address_city,QORMI,Qormi
entities_cordis,940242632,,address_geolocation,"35.8989818,14.5136759","35.87601,14.472"
entities_cordis,951726462,MEDITERRANEAN INSTITUTE FOR NATURE AND ANTHROPOS,address_geolocation,"37.9706239,23.7405046","37.970607196,23.740549508"
entities_cordis,891434657,ISZU WATER AND SEWERAGE ADMINISTRATION,legal_name,IZMIR SU VE KANAL IDARESI GENEL MUDURLUGU,IZMIR SU VE KANALIZASYON IDARESI GENEL MUDURLUGU
entities_cordis,891434657,ISZU WATER AND SEWERAGE ADMINISTRATION,address_geolocation,"38.4197201,27.1296156","38.419774905,27.129652615"
entities_cordis,999509341,ITA,address_city,ZARAGOZA,Zaragoza
entities_cordis,999509341,ITA,address_geolocation,"41.6521342,-0.8809427","41.65606,-0.87734"
entities_cordis,983820173,,address_geolocation,"37.98320815,-1.13037228190376","37.983341732,-1.130018277"
entities_cordis,997848022,eBOS,address_geolocation,"35.118877749999996,33.25481342175094","35.18916202,33.386261963"
entities_cordis,998880005,CREAF - CERCA,address_geolocation,"41.50130556759477,2.1092939444911334","40.41985,-3.70161"
entities_cordis,998880005,CREAF - CERCA,related_nuts_code_nuts_code,ES511,ES300
entities_cordis,998638087,BIOAZUL,address_geolocation,"36.7213028,-4.4216366","40.41985,-3.70161"
entities_cordis,998638087,BIOAZUL,related_nuts_code_nuts_code,ES617,ES300
entities_cordis,966696472,PVM,address_geolocation,"43.2922273,5.3642876","43.292154015,5.3591339967"
entities_cordis,999749610,,address_geolocation,"51.5449509,-0.4816671","51.51089,-0.08689"
entities_cordis,955518483,AMU,address_geolocation,"43.2920787,5.3592608","43.292121134,5.35915993"
entities_cordis,999866689,UNIVPM,address_geolocation,"43.6172271,13.5130433","43.617178907,13.512793003"
entities_cordis,912255319,ELVALHALCOR HELLENIC COPPER AND ALUMINIUM INDUSTRY SA,address_geolocation,"37.9839412,23.7283052","37.9846969,23.7602295"
entities_cordis,941259677,MUNICIPALITY OF NICOSIA,address_geolocation,"35.1690899,33.3601122","35.174343371,33.360330278"
entities_cordis,989813803,IRIDRA,address_geolocation,"43.8083764,10.8884868","43.781919891,11.262450568"
entities_cordis,902449880,,address_geolocation,"48.1945624,16.2754373","48.233710983,16.360238416"
entities_cordis,899261102,ART-ER,address_geolocation,"45.020781,7.8338801","41.90085,12.49035"
entities_cordis,899261102,ART-ER,related_nuts_code_nuts_code,ITH55,ITI43
entities_cordis,959248327,,address_city,Rimini Rn,Rimini
entities_cordis,885104146,,address_city,Forli,FORLI
entities_cordis,989531727,CITY OF ZAGREB,address_city,ZAGREB,Zagreb
entities_cordis,989531727,CITY OF ZAGREB,address_geolocation,"45.8011891,15.9771172074839","45.81444,15.97798"
entities_cordis,996147806,,address_geolocation,"46.117793199999994,11.10452130897752","46.117714781,11.104260418"
entities_cordis,999602073,REGION OF SOUTHERN DENMARK,address_geolocation,"55.704788,9.524795","55.70927,9.5357"
entities_cordis,999482375,,address_geolocation,"44.5086078,11.3633696","44.508582281,11.363452585"
entities_cordis,925738901,ENTE PARCO NAZIONALE DELL'APPENNINO TOSCO-EMILIANO,address_city,Sassalbo Di Fivizzano,SASSALBO DI FIVIZZANO
entities_cordis,993964045,MALMO STAD CITY OF MALMO,address_city,MALMO,Malmo
entities_cordis,993964045,MALMO STAD CITY OF MALMO,address_geolocation,"55.59825025,13.007463506209552","55.598028314,13.00732602"
entities_cordis,999637866,LUND,address_geolocation,"55.7029296,13.1929449","55.7105103,13.2005005"
entities_cordis,994189958,CER,address_geolocation,"44.4855593,11.3659079","44.485618507,11.365874871"
entities_cordis,999887350,SWEDISH UNIVERSITY OF AGRICULTURAL SCIENCES,address_geolocation,"59.8154605,17.6613035","59.815271585,17.66138086"
entities_cordis,916533310,Ministry of Economy,address_geolocation,"45.799593900000005,15.97591020941897","45.799750511,15.976033097"
entities_cordis,999870278,AGRICULTURAL UNIVERSITY PLOVDIV,address_geolocation,"42.1418541,24.7499297","42.133838723,24.764910839"
entities_cordis,989041683,PO RIVER BASIN DISTRICT AUTHORITY,address_geolocation,"44.808155,10.3300425","44.808163403,10.330048329"
entities_cordis,934666102,HELSINGBORGS STAD,address_city,HELSINGBORG,Helsingborg
entities_cordis,934666102,HELSINGBORGS STAD,address_geolocation,"56.04710635,12.69262691172862","56.04673,12.69437"
entities_cordis,999904616,SDU,address_geolocation,"55.368644,10.428177","55.368643704,10.428177449"
entities_cordis,999534561,,address_geolocation,"45.8262494,16.0299400263043","45.826410915,16.030637005"
entities_cordis,999454633,ARPAE,address_geolocation,"44.50026095,11.32479822873924","44.479248889,11.380570862"
entities_cordis,998165794,,address_street,REGION SKANE,RADHUS SKANE
entities_cordis,998165794,,address_geolocation,"56.0319247,14.1562326","56.031190276,14.152637736"
entities_cordis,999547365,WR,address_geolocation,"51.9863279,5.6679366","51.986328765,5.667931021"
entities_cordis,999865137,SGGW WARSAW UNIVERSITY OF LIFE SCIENCES,address_geolocation,"52.1651683,21.0484023995429","52.22254,21.01218"
entities_cordis,972382418,WWF GREECE,legal_name,WORLD WIDE FUND FOR NATURE GREECE,PAGKOSMIO TAMEIO GIA TIN FYSI (W.W.F.) -ELLAS
entities_cordis,972382418,WWF GREECE,address_geolocation,"37.9677826,23.7299532","37.98697018,23.740978159"
entities_cordis,997494069,OIEAU,address_geolocation,"48.8780485,2.3192025","48.878154992,2.3189960058"
entities_cordis,999995602,UNIPD,address_city,PADOVA,Padova
entities_cordis,999995602,UNIPD,address_geolocation,"45.4077172,11.8734455","45.40797,11.88586"
entities_cordis,897953251,,address_geolocation,"51.60703345,-1.113710566676172","51.51089,-0.08689"
entities_cordis,920448812,ARSO,address_geolocation,"46.06519754999999,14.513514877576569","46.065102958,14.513472717"
entities_cordis,950498442,,address_city,PADOVA,Padova
entities_cordis,950498442,,address_geolocation,"45.4156567,11.878132","45.415434384,11.878090627"
entities_cordis,999981828,LUH,address_geolocation,"52.3822104,9.7171476","52.382246997,9.7177669824"
entities_cordis,883225159,ENTE BIODIVERSITA' DELTA PO,address_geolocation,"45.5012347,9.028943604178814","44.69900975,12.174311408"
entities_cordis,999983962,RWTH AACHEN,address_geolocation,"50.7777954,6.07779426513182","50.77764039,6.0779365925"
entities_cordis,885041096,MANAGEMENT OF THE CZECH SWISS NATIONAL PARK,address_geolocation,"50.9065875,14.511335","50.90658784,14.511334828"
entities_cordis,997538786,AGENCY FOR THE SUPPORT OF REGIONAL DEVELOPMENT KOSICE,address_geolocation,"48.7282721,21.2549764","48.728255592,21.255049259"
entities_cordis,885450921,COUNTY OF EUSKIRCHEN,address_city,Euskirchen,EUSKIRCHEN
entities_cordis,999848453,TUDO,address_geolocation,"51.48438245,7.41384805110934","51.48443,7.4139999726"
entities_cordis,882236729,,address_geolocation,"47.84978845,16.529840717400152","47.84565,16.52327"
entities_cordis,973510431,UJEP,address_geolocation,"50.6651836,14.0253383","50.665183622,14.025338336"
entities_cordis,943732110,PEOPLE AND WATER MVO LAV,address_geolocation,"48.7172272,21.2496774","48.739934014,21.242780667"
entities_cordis,997539368,KOSICE SELF-GOVERNING REGION,address_geolocation,"48.7275728,21.2544122","48.727553817,21.254348867"
entities_cordis,996409512,"FEDERAL MINISTRY AGRICULTURE FORESTRY, CLIMATE ENVIRONMENTAL PROTECTION, REGIONS WATER MANAGEMENT",address_geolocation,"48.2078871,16.3815491","48.209913125,16.382950189"
entities_cordis,997385720,,address_geolocation,"47.0692115,15.4378298","47.06667,15.45"
entities_cordis,885055258,,address_city,Krasna Lipa,KRASNA LIPA
entities_cordis,885055258,,related_nuts_code_nuts_code,CZ042,CZ
entities_cordis,999856795,UPT,vat_number,,RO4269282
entities_cordis,999856795,UPT,address_city,Timisoara,TIMISOARA
entities_cordis,999856795,UPT,address_geolocation,"45.7535431,21.2248822474017","44.43719,26.08592"
entities_cordis,999856795,UPT,related_nuts_code_nuts_code,RO424,RO321
entities_cordis,999645238,VITO,address_geolocation,"51.2190202,5.09349006749143","51.218972025,5.0934492914"
entities_cordis,941752728,FIHAC,address_geolocation,"43.4623102,-3.8101067","43.451260293,-3.876742171"
entities_cordis,941752728,FIHAC,organization_activity_type_id,5,4
entities_cordis,957386218,"INAGRO, PROVINCIAAL EVAP",address_geolocation,"50.9017185,3.12440358584958","50.84773,4.35718"
entities_cordis,957386218,"INAGRO, PROVINCIAAL EVAP",related_nuts_code_nuts_code,BE256,BE100
entities_cordis,948946636,FRIESLAND,address_geolocation,"53.2012447,5.7999614","53.20139,5.80859"
entities_cordis,989900036,,address_geolocation,"43.4618035,-3.8097245","43.462148231,-3.809994172"
entities_cordis,954725702,,address_geolocation,"50.8585134,4.3569998","50.858513392,4.3569997718"
entities_cordis,889260305,EP GARONNE,legal_name,SYNDICAT MIXTE D'ETUDES ET D'AMENAGEMENT DE LA GARONNE,ETABLISSEMENT PUBLIC GARONNE GASCOGNE ET AFFLUENTS PYRENEENS
entities_cordis,889260305,EP GARONNE,short_name,SMEAG,EP GARONNE
entities_cordis,889260305,EP GARONNE,address_street,61 RUE PIERRE CAZENEUVE,10 CHEMIN DU RAISIN
entities_cordis,889260305,EP GARONNE,address_postal_code,31200,31050
entities_cordis,889260305,EP GARONNE,address_geolocation,"43.6192206,1.4461315","43.616243989,1.4489139716"
entities_cordis,934771541,PROVINCIEBESTUUR WEST-VLAANDEREN,address_geolocation,"51.1957217,3.1839029","51.195926024,3.1839297913"
entities_cordis,898499652,,address_geolocation,"48.8858373,2.345993","48.885846016,2.3459969658"
entities_cordis,991798035,Bordeaux INP,address_geolocation,"44.8088438,-0.5879629","44.807540641,-0.605803121"
entities_cordis,884984351,PNR MARAIS POITEVIN,address_city,Coulon,COULON
entities_cordis,896462167,,address_geolocation,"56.55392,8.309554","56.553919873,8.3095545267"
entities_cordis,996484008,ATOS france,address_geolocation,"48.92492425,2.2215542671064332","48.9241978,2.2224504"
entities_cordis,999894916,U PORTO,short_name,U.PORTO,U PORTO
entities_cordis,999894916,U PORTO,address_city,PORTO,Porto
entities_cordis,999894916,U PORTO,address_geolocation,"41.1469678,-8.6152095","41.14961,-8.61099"
entities_cordis,921821168,,address_geolocation,"44.8365393,-0.5892062","44.836538995,-0.589205968"
entities_cordis,999880075,UC,address_street,AVENIDA DE LOS CASTROS S/N,AVENIDA DE LOS CASTROS SN
entities_cordis,999880075,UC,address_city,Santander,SANTANDER
entities_cordis,911734429,OPE CANTABRIA,address_geolocation,"43.4627036,-3.8041462","43.462627072,-3.804259591"
entities_cordis,892327154,,address_street,A MIREBOULAN 1,39 CHEMIN DES RAMASSIERS
entities_cordis,892327154,,address_city,Auch,COLOMIERS
entities_cordis,892327154,,address_postal_code,32000,31770
entities_cordis,892327154,,address_geolocation,"43.6970466,0.5601241","43.599350012,1.3556600182"
entities_cordis,892327154,,related_nuts_code_nuts_code,FRJ24,FRJ23
entities_cordis,999904034,AAU,address_city,AALBORG,Aalborg
entities_cordis,999904034,AAU,address_geolocation,"57.01396,9.984469","57.048,9.9187"
entities_cordis,909875521,,address_city,PARIS,Paris
entities_cordis,909875521,,address_geolocation,"48.8513145,2.3405431","48.85341,2.3488"
entities_cordis,891813733,,address_city,Pessac,PESSAC
entities_cordis,952204478,EARSC,address_geolocation,"50.81905215,4.32785836161015","50.845640926,4.3693768253"
entities_cordis,938737483,TERRANIS,address_city,Labege,RAMONVILLE SAINT ANGE
entities_cordis,938737483,TERRANIS,address_geolocation,"46.603354,1.8883335","48.85869,2.33452"
entities_cordis,938737483,TERRANIS,related_nuts_code_nuts_code,FRJ23,FR101
entities_cordis,999507401,HEREON,address_city,GEESTHACHT,Geesthacht
entities_cordis,999507401,HEREON,address_geolocation,"53.4058379,10.426680126343221","53.43575,10.3779"
entities_cordis,999964271,,address_geolocation,"43.5664375,1.4675999","43.60426,1.44367"
entities_cordis,892524646,ASITIS,address_city,Brno,BRNO
entities_cordis,998143193,HCU,address_city,HAMBURG,Hamburg
entities_cordis,998143193,HCU,address_geolocation,"53.550341,10.000654","53.55073,9.99302"
entities_cordis,885319195,TYRSKY-KONSULTOINTI,short_name,,TYRSKY-KONSULTOINTI
entities_cordis,885319195,TYRSKY-KONSULTOINTI,address_street,C/O HELMINEN ISONNIITYNKATU 3 G 33,C/O KATI BERNINGER ULVILANTIE 19B B 51
entities_cordis,885319195,TYRSKY-KONSULTOINTI,address_city,Helsinki,HELSINKI
entities_cordis,885319195,TYRSKY-KONSULTOINTI,address_postal_code,520,350
entities_cordis,941622457,SUSTAINABLE FINANCE OBSERVATORY,address_geolocation,"48.8601644,2.3462058","48.860147017,2.346209028"
entities_cordis,999879881,POLIMI,address_geolocation,"45.4791336,9.2278807","45.47786041,9.2270969922"
entities_cordis,942602060,IISD - Europe,vat_number,CHE114523664TVA,CHE114523664
entities_cordis,942602060,IISD - Europe,address_city,Genève,Vernier
entities_cordis,941221265,,address_geolocation,"56.195555049999996,24.754630191392188","56.19553333,24.755184671"
entities_cordis,920747766,FIELD FACTORS,address_geolocation,"51.9976087,4.3785568","51.997608753,4.3785568533"
entities_cordis,885509218,FONDS NATURE 2050,address_geolocation,"48.8911164,2.3190128","48.89090701,2.319378975"
entities_cordis,999514773,Aquafin NV,address_city,AARTSELAAR,Aartselaar
entities_cordis,999514773,Aquafin NV,address_geolocation,"51.144189499999996,4.39199251917274","51.13412,4.38678"
entities_cordis,975471965,De Watergroep,address_geolocation,"50.8465573,4.351697","50.84773,4.35718"
entities_cordis,885264875,,address_city,Limoges,LIMOGES
entities_cordis,883394715,,address_city,Bucuresti,BUCURESTI
entities_cordis,999766100,,address_city,REYKJAVIK,Reykjavik
entities_cordis,999766100,,address_geolocation,"64.1293194,-21.7694597","64.130260163,-21.76697061"
entities_cordis,887693852,,address_geolocation,"28.286398900000002,-16.796011808910734","28.455386542,-16.25624163"
entities_cordis,941019602,EAST-BRIDGE,address_city,Egilsstoum,EGILSSTADIR
entities_cordis,937459605,ICATALIST,address_city,LAS ROZAS DE MADRID,Las Rozas De Madrid
entities_cordis,937459605,ICATALIST,address_geolocation,"40.5470133,-3.9276075","40.49292,-3.87371"
entities_cordis,998948293,IUAV,address_geolocation,"45.4371908,12.3345899","45.4379454,12.3227508"
entities_cordis,883398692,AGT,address_geolocation,"51.1428375,4.4349441","51.140885098,4.4375513511"
entities_cordis,885149445,,address_city,Aixe Sur Vienne,AIXE SUR VIENNE
entities_cordis,964360324,BDG,address_geolocation,"44.4361414,26.1027202","44.43815992,26.12239512"
entities_cordis,883215653,,address_geolocation,"28.4873604,-16.3141551","28.487350106,-16.31411968"
entities_cordis,929744807,,address_geolocation,"41.4728432,2.0817809","41.472205544,2.0802983465"
entities_cordis,999933328,LBTU,address_city,JELGAVA,Jelgava
entities_cordis,901323613,BUCHAREST NATURE PARK ASSOCIATION,legal_name,ASOCIATIA PARCUL NATURAL VACARESTI,ASOCIATIA PARCUL NATURAL BUCURESTI
entities_cordis,901323613,BUCHAREST NATURE PARK ASSOCIATION,address_street,SECTOR 3 STR GH. PETRASCU 53 BL PM 53 SC A ET 5 AP 67,"SECTOR 5 STR Petre Herescu, 11, ap 3"
entities_cordis,901323613,BUCHAREST NATURE PARK ASSOCIATION,address_city,Bucharest,BUCHAREST
entities_cordis,901323613,BUCHAREST NATURE PARK ASSOCIATION,address_postal_code,31592,50586
entities_cordis,999846707,UNIVERSIDAD DE LAS ISLAS BALEARES,address_city,Palma De Mallorca,PALMA DE MALLORCA
entities_cordis,999846707,UNIVERSIDAD DE LAS ISLAS BALEARES,address_geolocation,"39.6346055,2.6479766","40.41985,-3.70161"
entities_cordis,999846707,UNIVERSIDAD DE LAS ISLAS BALEARES,related_nuts_code_nuts_code,ES532,ES300
entities_cordis,885143237,,address_city,Millevaches,MILLEVACHES
entities_cordis,926527414,,address_geolocation,"45.6713902,11.915216","45.426658368,12.362051419"
entities_cordis,906559770,CIEGC,address_geolocation,"28.1136397,-15.4472307","28.075759748,-15.46224819"
entities_cordis,999976105,ULIEGE,address_geolocation,"50.6403884,5.5754264","50.84773,4.35718"
entities_cordis,999976105,ULIEGE,related_nuts_code_nuts_code,BE332,BE100
entities_cordis,973346404,CESEFOR,address_geolocation,"41.7633842,-2.4642041","41.766925706,-2.467744529"
entities_cordis,991816077,LAUREA UNIVERSITY OF APPLIED SCIENCES,address_city,VANTAA,Vantaa
entities_cordis,991816077,LAUREA UNIVERSITY OF APPLIED SCIENCES,address_geolocation,"60.2954142,25.0447671","60.29414,25.04099"
entities_cordis,984556306,ENoLL  IVZW,address_city,SINT JOOST TEN NOODE,Sint-Joost-ten-Node
entities_cordis,984556306,ENoLL  IVZW,address_geolocation,"50.8206885,4.3923879","50.848401087,4.3697591239"
entities_cordis,940595421,,address_geolocation,"42.1964491,-8.7117809","42.2382818,-8.7259738"
entities_cordis,960782479,UNL,address_postal_code,1099 085,1099-085
entities_cordis,960782479,UNL,address_geolocation,"38.73304745,-9.160744712787931","38.734374997,-9.160160936"
entities_cordis,932044386,,address_geolocation,"41.6261383,-8.4692722","38.753035981,-9.256716962"
entities_cordis,883749541,INVIABLE LIFE CYCLE THINKING,short_name,,INVIABLE LIFE CYCLE THINKING
entities_cordis,883749541,INVIABLE LIFE CYCLE THINKING,address_street,"C/DOCTOR FOURQUET 29-ESCALERA DERECHA,3D",CALLE EIRADO 7
entities_cordis,883749541,INVIABLE LIFE CYCLE THINKING,address_city,Madrid,BERAN
entities_cordis,883749541,INVIABLE LIFE CYCLE THINKING,address_postal_code,28012,32425
entities_cordis,883749541,INVIABLE LIFE CYCLE THINKING,address_geolocation,"40.5248319,-3.7715627754518115","42.3620548,-8.1563244"
entities_cordis,883749541,INVIABLE LIFE CYCLE THINKING,related_nuts_code_nuts_code,ES300,ES113
entities_cordis,936158738,,address_city,Fundao,FUNDAO
entities_cordis,936158738,,address_postal_code,6230 338,6230-338
entities_cordis,936158738,,address_geolocation,"40.13779235,-7.500303991841463","40.138134708,-7.500212347"
entities_cordis,891782596,,vat_number,,NO925994952MVA
entities_cordis,891782596,,related_nuts_code_nuts_code,NO,NO081
entities_cordis,885005206,,related_nuts_code_nuts_code,NO,NO060
entities_cordis,938862225,MoG,address_geolocation,"42.8709462,25.3153347018139","42.87163959,25.315438204"
entities_cordis,952926061,,vat_number,,HR56204655363
entities_cordis,999994632,,address_city,LEIPZIG,Leipzig
entities_cordis,999994632,,address_geolocation,"51.352181,12.4289558","51.33962,12.37129"
entities_cordis,920168870,,address_city,Munchen,MUNCHEN
entities_cordis,920168870,,related_nuts_code_nuts_code,DE212,DE300
entities_cordis,885152743,KLP,related_nuts_code_nuts_code,NO,NO081
entities_cordis,885046916,,related_nuts_code_nuts_code,NO,NO081
entities_cordis,885638034,,vat_number,,NO927192322MVA
entities_cordis,885638034,,related_nuts_code_nuts_code,NO,NO081
entities_cordis,998253579,BC3,address_city,LEIOA,Leioa
entities_cordis,998253579,BC3,address_geolocation,"43.3268277,-2.9869467","43.32686,-2.98884"
entities_cordis,998253579,BC3,related_nuts_code_nuts_code,ES212,ES213
entities_cordis,876672324,Hellenic Association of Insurance Companies,legal_name,Hellenic Association of Insurance Companies 2,Hellenic Association of Insurance Companies
entities_cordis,876672324,Hellenic Association of Insurance Companies,short_name,Hellenic Association of Insurance Companies 2,Hellenic Association of Insurance Companies
entities_cordis,998914634,COMUNITAT VALENCIANA,address_geolocation,"39.47679248797846,-0.3763832817085608","39.476580387,-0.37643278"
entities_cordis,884881725,,vat_number,,EL094003849
entities_cordis,879901842,,related_nuts_code_nuts_code,NO,NO081
entities_cordis,900146227,,address_city,Sint-Joost-Ten-Node,SINT-JOOST-TEN-NODE
entities_cordis,900146227,,address_geolocation,"50.8484011,4.3697592","50.84773,4.35718"
entities_cordis,882875280,PCI SPZOO,address_geolocation,"50.0309707,21.999636102188944","50.031061839,21.99983584"
entities_cordis,999979888,TU WIEN,address_geolocation,"48.1990183,16.369949","48.199012921,16.369926639"
entities_cordis,882801657,ENERGIEAGENTUR TIROL,address_geolocation,"47.2620555,11.3951505","47.265673167,11.389897238"
entities_cordis,999842051,UNITS,address_geolocation,"45.658659,13.7933667","45.658707389,13.79334863"
entities_cordis,884857378,,address_geolocation,"45.6288419,25.4833418","45.788400103,24.044364049"
entities_cordis,884973487,LPTB,address_geolocation,"67.6642777,24.8984614864125","67.663964642,24.89845562"
entities_cordis,893313062,,address_geolocation,"47.3072977,11.0716976","47.264187432,11.396143516"
entities_cordis,950751224,,address_geolocation,"47.2614586,11.39377785131579","47.26266,11.39454"
entities_cordis,951660114,,address_geolocation,"44.8626261,10.0543372","41.906000591,12.503126214"
entities_cordis,896192119,,related_nuts_code_nuts_code,HR035,HR034
entities_cordis,915240688,REGIONAL COUNCIL OF LAPLAND,address_geolocation,"60.9968093,24.4630489","66.49819312,25.720360906"
entities_cordis,997361082,,address_geolocation,"48.8745642,2.3116834","48.874572985,2.3116800293"
entities_cordis,998208086,STANDORTAGENTUR TIROL GMBH,address_geolocation,"47.2679215,11.4009453","47.26266,11.39454"
entities_cordis,885145274,apptitude SA,address_geolocation,"46.5162896,6.5614572","46.516,6.63282"
entities_cordis,930109915,GfG Genossenschaft für Gemeinwohl eG,address_street,SCHONBRUNNER STRASSE 219/7,SPITTELAUER LANDE 45
entities_cordis,930109915,GfG Genossenschaft für Gemeinwohl eG,address_postal_code,1120,1090
entities_cordis,930109915,GfG Genossenschaft für Gemeinwohl eG,address_geolocation,"48.1842004,16.3346005","48.233710983,16.360238416"
entities_cordis,885766462,,address_geolocation,,"50.040740846,21.99801026"
entities_cordis,999735157,META,address_city,Roma,ROMA
entities_cordis,999735157,META,address_geolocation,"41.8306265,12.4610053","41.90085,12.49035"
entities_cordis,999861936,UNITO,address_city,TORINO,Torino
entities_cordis,999861936,UNITO,address_geolocation,"45.0696399,7.6890729","45.06963419,7.689080037"
entities_cordis,887810834,Institute for Physical Planning of Primorje-Gorski Kotar County,address_city,Rijeka,RIJEKA
entities_cordis,999815376,ARC Fund,address_city,SOFIA,Sofia
entities_cordis,999815376,ARC Fund,address_geolocation,"42.6977211,23.3225964","42.69751,23.32415"
entities_cordis,999815376,ARC Fund,related_nuts_code_nuts_code,BG,BG411
entities_cordis,895718662,,address_geolocation,"42.8710344,25.315798","41.8,25.26667"
entities_cordis,895718662,,related_nuts_code_nuts_code,BG322,BG425
entities_cordis,999973971,EPFL,address_city,LAUSANNE,Lausanne
entities_cordis,999973971,EPFL,address_geolocation,"46.5218269,6.6327025","46.516,6.63282"
entities_cordis,956192439,TECHNICAL UNIVERSITY - GABROVO,address_geolocation,"42.8710344,25.315798","41.8,25.26667"
entities_cordis,956192439,TECHNICAL UNIVERSITY - GABROVO,related_nuts_code_nuts_code,BG322,BG425
entities_cordis,983174347,REGIONE FVG,address_geolocation,"45.6500335,13.7706559","45.650152692,13.766938426"
entities_cordis,916073433,ROHEALTH - HEALTH AND BIOECONOMY CLUSTER,address_geolocation,"44.4361414,26.1027202","44.42802,26.09665"
entities_cordis,885097162,,address_geolocation,"46.22528135,7.352966784926446","46.224609151,7.3535701387"
entities_cordis,999977754,POLITO,address_geolocation,"45.0626528,7.6618159","45.062451402,7.6623603737"
entities_cordis,999995796,UMIL,address_geolocation,"45.4600626,9.1946599782806","45.460355182,9.1939872174"
entities_cordis,885074367,,address_city,Vercelli,VERCELLI
entities_cordis,885087850,,address_city,Rau Sadului,RAU SADULUI
entities_cordis,884967958,MUNICIPALITY OF UTSJOKI,address_geolocation,"69.9011836,28.0645033","69.908162765,27.028847741"
entities_cordis,884979986,MUNICIPALITY OF ENONTEKIO,address_city,Enontekio,ENONTEKIO
entities_cordis,892660252,BlueArk Entremont,address_geolocation,"46.078813,7.2148259","46.078621962,7.2145980164"
entities_cordis,999869114,UIBK,address_geolocation,"47.2629172,11.3843965","47.263750903,11.3860279"
entities_cordis,885077665,,address_city,Mondovi,MONDOVI
entities_cordis,999476943,,address_street,PIAZZA CASTELLO 165,PIAZZA PIEMONTE 1
entities_cordis,999476943,,address_city,Torino,TORINO
entities_cordis,999476943,,address_postal_code,10122,10127
entities_cordis,999476943,,address_geolocation,"45.2361779,7.6058679","45.024655431,7.6635734028"
entities_cordis,909232605,,address_geolocation,"46.2322645,7.356927014923386","46.232234126,7.3568703455"
entities_cordis,883848578,HOLLAND FARMING AGRO,address_city,Bucharest,BUCHAREST
entities_cordis,999895013,UNIVERSITY OF TARTU,address_city,TARTU,Tartu
entities_cordis,928620965,,address_geolocation,"52.0213171,5.6765565","52.03333,5.65833"
entities_cordis,889371079,,address_geolocation,"51.8247824,5.8700563","51.824671944,5.8701344607"
entities_cordis,998303631,PENSOFT,address_geolocation,"42.6978634,23.3221789","42.686092291,23.355740441"
entities_cordis,920781328,MINISTRY OF SHIPPING AND ISULAR POLICY,address_geolocation,"37.9431594,23.6470593","37.944720776,23.632941142"
entities_cordis,968991589,METBALTIC,address_geolocation,"54.6865694,25.2790306","54.686375351,25.278923868"
entities_cordis,952793365,,address_city,Rennes Cedex 7,RENNES CEDEX 7
entities_cordis,952793365,,address_geolocation,"48.1113387,-1.6800198","48.85869,2.33452"
entities_cordis,952793365,,related_nuts_code_nuts_code,FRH03,FR101
entities_cordis,999577532,,address_postal_code,19 013,190 13
entities_cordis,961026337,PERIFEREIA,address_postal_code,71 201,712 01
entities_cordis,961026337,PERIFEREIA,address_geolocation,"35.33777515,25.13635892456","35.337252738,25.136170072"
entities_cordis,923635068,NETWORK OF EUROPEAN REGIONS USING SPACE TECHNOLOGIES,address_geolocation,"50.8412523,4.3690708","50.841257777,4.3690747416"
entities_cordis,884922465,,address_postal_code,15 341,153 41
entities_cordis,949987737,RESILIENCE GUARD,address_city,STEINHAUSEN,Steinhausen
entities_cordis,949987737,RESILIENCE GUARD,address_geolocation,"47.1925733,8.823749","47.1951,8.48581"
entities_cordis,892369640,,address_geolocation,"38.5368032,-28.630109","38.533234615,-28.63040395"
entities_cordis,913776473,,address_geolocation,"52.08505835,21.023740851495234","52.074824144,21.0096615"
entities_cordis,938217272,CDP WW Europe,address_geolocation,"52.5236266,13.3853444","52.52437,13.41053"
entities_cordis,912518383,,address_city,Lindau Bodensee,LINDAU BODENSEE
entities_cordis,912518383,,address_geolocation,"47.5630651,9.7053232","52.5177,13.38949"
entities_cordis,912518383,,related_nuts_code_nuts_code,DE27A,DE300
entities_cordis,924021419,,address_postal_code,71 110,711 10
entities_cordis,924021419,,address_geolocation,"35.3098167,25.3696091","35.2890665,25.1225254"
entities_cordis,924021419,,related_nuts_code_nuts_code,EL,EL431
entities_cordis,983310438,,address_geolocation,"36.8271325,-4.7047704","40.41985,-3.70161"
entities_cordis,983310438,,related_nuts_code_nuts_code,ES617,ES300
entities_cordis,902624480,AD AIR CENTRE,address_city,ILHA TERCEIRA,Terra Cha
entities_cordis,902624480,AD AIR CENTRE,address_geolocation,"38.739237599999996,-27.156264396780458","38.7123926,-27.24768485"
entities_cordis,999862518,USE,short_name,,USE
entities_cordis,999862518,USE,address_geolocation,"37.38181325,-5.9910237446683","37.403682506,-5.986260868"
entities_cordis,986762086,IPCB,address_geolocation,"39.8220269,-7.4999324","39.82159499,-7.498670606"
entities_cordis,964126457,RAS,address_geolocation,"39.2246231,9.1028521","39.23054,9.11917"
entities_cordis,892417461,,address_city,DUBLIN 2,Dublin
entities_cordis,892417461,,address_geolocation,"53.3317531,-6.2579225","53.334631484,-6.246810316"
entities_cordis,892417461,,related_nuts_code_nuts_code,IE,IE061
entities_cordis,996539201,,address_geolocation,"43.4218536,16.7130959","43.513025378,16.443542799"
entities_cordis,903199690,,address_geolocation,"37.9226935,23.750136050000002","37.976794298,23.738674896"
entities_cordis,884967085,,address_geolocation,"40.5388741,-7.2691328","40.538912516,-7.268614193"
entities_cordis,951450206,CRITERIA,address_city,CAGLIARI,Cagliari
entities_cordis,951450206,CRITERIA,address_geolocation,"39.2158442,9.1289146","39.21584398,9.1289137253"
entities_cordis,999979500,CNR,address_geolocation,"41.9007644,12.5125083","41.900756621,12.512511598"
entities_cordis,928046531,INTERNATIONAL MARINE CENTRE,legal_name,FONDAZIONE IMC CENTRO MARINO INTERNAZIONALE,FONDAZIONE IMC CENTRO MARINO INTERNAZIONALE ONLUS
entities_cordis,928046531,INTERNATIONAL MARINE CENTRE,short_name,,INTERNATIONAL MARINE CENTRE
entities_cordis,928046531,INTERNATIONAL MARINE CENTRE,address_postal_code,9170,9010
entities_cordis,928046531,INTERNATIONAL MARINE CENTRE,related_nuts_code_nuts_code,ITG2G,ITG2H
entities_cordis,899786163,,address_city,LARNACA,Larnaca
entities_cordis,899786163,,address_geolocation,"34.9172012,33.6378531","34.92291,33.6233"
entities_cordis,999810526,ASSOCIATION FOR NATURE ENVIRONMENT AND SUSTAINABLE DEVELOPMENT SUNCE,address_geolocation,"43.5083785,16.4373205","43.50891,16.43915"
entities_cordis,926252322,,address_geolocation,"40.7477136,15.881177309633031","40.638546774,15.802426123"
entities_cordis,969050177,EPLO,address_postal_code,10 675,106 75
entities_cordis,969050177,EPLO,address_geolocation,"38.9953683,21.9877132","37.979097645,23.743375802"
entities_cordis,934645635,UNIST-FGAG,address_geolocation,"43.5109119,16.4647579","43.511077465,16.464973985"
entities_cordis,998130389,PAP/RAC,address_geolocation,"43.5082636,16.4397183","43.508277784,16.439999182"
entities_cordis,999603043,NATURALIS,address_geolocation,"52.1648992,4.4733665","52.164899806,4.4733663204"
entities_cordis,951517330,,related_nuts_code_nuts_code,PL214,PL213
entities_cordis,893633841,CREATIVE CLIMATE CITIES,address_geolocation,"52.5054599,13.3362126","52.508050898,13.329194539"
entities_cordis,917748332,CITY OF SARAJEVO,vat_number,,BA200295100005
entities_cordis,917748332,CITY OF SARAJEVO,address_city,SARAJEVO,Sarajevo
entities_cordis,917748332,CITY OF SARAJEVO,address_geolocation,"43.8561815,18.4229231","43.84864,18.35644"
entities_cordis,917748332,CITY OF SARAJEVO,related_nuts_code_nuts_code,BA,BA0
entities_cordis,941718002,IFLA EUROPE,address_geolocation,"50.8345972,4.3954404","50.834597224,4.3954403533"
entities_cordis,891899675,DESIGN CLIPS PRIVATE COMPANY,address_street,VAKCHOU 1,Nikiforou Ouranou 15 & Minotavrou
entities_cordis,891899675,DESIGN CLIPS PRIVATE COMPANY,address_postal_code,546 29,546 27
entities_cordis,891899675,DESIGN CLIPS PRIVATE COMPANY,address_geolocation,"37.9424665,23.7520462","40.64417711,22.913024995"
entities_cordis,998702204,MIL,address_geolocation,"45.4667971,9.1904984","45.466778109,9.1903986732"
entities_cordis,952525936,,address_geolocation,"49.4895779,8.462776847502461","49.489670995,8.4634648919"
entities_cordis,995624006,IUCNEUROPEAN UNION REPRESENTATIVE OFFICE,address_geolocation,"50.8297388,4.40228214646566","50.829727129,4.4023072274"
entities_cordis,965342449,MUNICIPALITY OF THESSALONIKI,address_geolocation,"40.6238661,22.9529771","40.619719141,22.954180794"
entities_cordis,999923531,UNIMIB,address_geolocation,"45.5181372,9.21432300701248","45.518267511,9.2138276013"
entities_cordis,999986484,UAB,address_geolocation,"41.4910324,2.1374969","41.503296964,2.1011412681"
entities_cordis,957388352,,address_geolocation,"52.0775912,4.3166395","52.077591639,4.3166394831"
entities_cordis,915444388,"CENTER FOR ENERGY, ENVIRONMENT AND RESOURCES - CENER 21",vat_number,,BA201084520004
entities_cordis,915444388,"CENTER FOR ENERGY, ENVIRONMENT AND RESOURCES - CENER 21",address_city,SARAJEVO,Sarajevo
entities_cordis,999896371,UNITUS,address_city,VITERBO,Viterbo
entities_cordis,999896371,UNITUS,address_geolocation,"42.4164974,12.1039438","42.41937,12.1056"
entities_cordis,898858067,INSTITUTE FOR LOCAL DEVELOPMENT THINK GLOBAL ACT LOCAL,address_geolocation,"45.80616105,24.166936353829183","45.322463773,21.86772466"
entities_cordis,998214876,,address_city,DESTELBERGEN,Destelbergen
entities_cordis,998214876,,address_geolocation,"51.0704073,3.8119622","51.05952,3.79899"
entities_cordis,996312318,,vat_number,,FR32385365713
entities_cordis,996312318,,address_street,145 BOULEVARD VICTOR-HUGO,7 rue Touzet Gaillard
entities_cordis,996312318,,address_geolocation,"48.904851,2.322487","48.902328987,2.3212619695"
entities_cordis,965891857,,address_geolocation,"44.4485559,26.127732162441","44.449029886,26.130963939"
entities_cordis,999512736,ROMA CAPITALE,address_geolocation,"41.89323925,12.4829801335057","41.90085,12.49035"
entities_cordis,996793729,UTCB TECHNICAL UNIVERSITY OF CIVIL ENGINEERING BUCHAREST,address_city,BUCURESTI,Bucuresti
entities_cordis,996793729,UTCB TECHNICAL UNIVERSITY OF CIVIL ENGINEERING BUCHAREST,address_geolocation,"44.4361414,26.1027202","44.42802,26.09665"
entities_cordis,986125669,,address_city,DUBLIN,Dublin
entities_cordis,986125669,,address_geolocation,"53.34179305,-6.2314392874231315","53.33306,-6.24889"
entities_cordis,986125669,,related_nuts_code_nuts_code,IE,IE061
entities_cordis,883921619,,vat_number,,RO44674446
entities_cordis,883921619,,related_nuts_code_nuts_code,RO,RO321
entities_cordis,880859717,,related_nuts_code_nuts_code,RO,RO321
entities_cordis,997628123,,address_geolocation,"41.3825596,2.1771353","41.382680206,2.1767266101"
entities_cordis,884283914,,vat_number,,RO31922710
entities_cordis,884283914,,related_nuts_code_nuts_code,RO,RO321
entities_cordis,999851557,MUNICIPALITY OF LJUBLJANA,address_geolocation,"46.03830825,14.494402504673591","46.05108,14.50513"
entities_cordis,898831295,Placemaking Europe,short_name,STIPO VOF,Placemaking Europe
entities_cordis,998945771,GENT,address_geolocation,"51.0545284,3.72527163617267","51.054480821,3.7252850662"
entities_cordis,999893752,UNIPV,address_geolocation,"45.1866632,9.154892","45.201910597,9.1397464132"
entities_cordis,882083081,,address_geolocation,"38.6272781,-8.929688654264213","38.724047193,-9.155157133"
entities_cordis,891703056,,address_geolocation,"41.75786995,2.031182036159852","41.41105935,2.2020852203"
entities_cordis,898575215,,address_geolocation,"55.6418111,12.5397114","55.676712802,12.57412722"
entities_cordis,968028476,,address_geolocation,"48.82757,2.3816719","48.827296998,2.3818000138"
entities_cordis,894283547,,address_geolocation,"45.4888147,9.2917938","45.488901685,9.2917356471"
entities_cordis,950601553,INETUM ES,address_city,MADRID,Madrid
entities_cordis,998498504,VILLE DE PARIS,address_city,PARIS,Paris
entities_cordis,998498504,VILLE DE PARIS,address_geolocation,"48.856426299999995,2.3525275780116073","48.85341,2.3488"
entities_cordis,905282474,,address_geolocation,"59.4377378,24.7579358","59.43795816,24.758550341"
entities_cordis,902868726,,address_city,GDAŃSK,Gdańsk
entities_cordis,966466485,MUNICIPALITYOF CLUJ-NAPOCA UAT CLUJ-NAPOCA,address_geolocation,"46.77919875,23.6177897332471","46.768678072,23.584983662"
entities_cordis,882028470,PADRIV TRONDHEIM,vat_number,,NO826384352MVA
entities_cordis,882028470,PADRIV TRONDHEIM,address_geolocation,"63.4154122,10.3971636","63.415409975,10.397158289"
entities_cordis,939158754,MAJOR DEVELOPMENT AGENCY THESSALONIKI SA - ORGANIZATION FOR LOCAL DEVELOPMENT (MDAT SA),address_geolocation,"40.632998400000005,22.94011355295047","37.98308,23.72762"
entities_cordis,939158754,MAJOR DEVELOPMENT AGENCY THESSALONIKI SA - ORGANIZATION FOR LOCAL DEVELOPMENT (MDAT SA),organization_activity_type_id,2,5
entities_cordis,939158754,MAJOR DEVELOPMENT AGENCY THESSALONIKI SA - ORGANIZATION FOR LOCAL DEVELOPMENT (MDAT SA),related_nuts_code_nuts_code,EL522,EL303
entities_cordis,996380024,TARTU CITY,address_geolocation,"58.3801207,26.72245","58.380246165,26.722466166"
entities_cordis,898834205,LOCALITY,vat_number,,NL001876512B38
entities_cordis,898834205,LOCALITY,address_street,,ROZENSTRAAT 8
entities_cordis,898834205,LOCALITY,address_city,,Driebergen-Rijsenburg
entities_cordis,898834205,LOCALITY,address_postal_code,,3971 CN
entities_cordis,898834205,LOCALITY,related_nuts_code_nuts_code,,NL350
entities_cordis,998824327,TRONDHEIM,address_geolocation,"63.4325632,10.393714","63.428052232,10.396791999"
entities_cordis,946358773,JA EUROPE,short_name,JA Europe,JA EUROPE
entities_cordis,946358773,JA EUROPE,address_street,"MULTI TOWER, BOULEVARD ANSPACH 1",RUE VICTOR OUDART 7
entities_cordis,946358773,JA EUROPE,address_postal_code,1000,1030
entities_cordis,946358773,JA EUROPE,address_geolocation,"50.83879505,4.375304132256188","50.849256963,4.3924560605"
entities_cordis,911297735,ORTI GENERALI SRL,address_city,TORINO,Torino
entities_cordis,911297735,ORTI GENERALI SRL,address_geolocation,"45.3121575,7.7377993","45.204524703,7.7802829388"
entities_cordis,986156418,MIASTO GDANSK,address_city,GDANSK,Gdansk
entities_cordis,986156418,MIASTO GDANSK,address_geolocation,"54.3514419,18.641021","54.351467399,18.640843042"
entities_cordis,999529323,INSTITUTE OF BALTIC STUDIES,legal_name,Institute of Baltic Studies,BALTI UURINGUTE INSTITUUT
entities_cordis,999529323,INSTITUTE OF BALTIC STUDIES,short_name,IBS,INSTITUTE OF BALTIC STUDIES
entities_cordis,999529323,INSTITUTE OF BALTIC STUDIES,address_street,Lai  30,LAI 30
entities_cordis,999529323,INSTITUTE OF BALTIC STUDIES,address_geolocation,"58.38357445,26.7193134791156","58.383873654,26.719163659"
entities_cordis,986538792,CITTA DI TORINO,address_geolocation,"45.0731053,7.6810397","45.073107483,7.6810530236"
entities_cordis,993619889,EINDHOVEN,address_geolocation,"51.4348944,5.479583","51.434894042,5.4795818615"
entities_cordis,886292978,TH!NK EUROPE,address_geolocation,"50.8338109,4.64989030669307","50.833785395,4.6498842559"
entities_cordis,928399029,CEUS,address_geolocation,"44.8178131,20.4568974","44.80401,20.46513"
entities_cordis,949852422,ESKILARA,address_street,"PASEO DE URIBITARTE 3, 3",PASEO DE URIBITARTE 3 3
entities_cordis,949852422,ESKILARA,address_city,Bizkaia,BIZKAIA
entities_cordis,949852422,ESKILARA,address_geolocation,"43.2631871,-2.9266032","43.264892728,-2.927277188"
entities_cordis,952129982,TH!NK E,address_geolocation,"50.8259247,4.6505241","50.833785395,4.6498842559"
entities_cordis,916573856,FONDAZIONE LINKS,address_geolocation,"45.0633969,7.6555693","45.065149285,7.656750785"
entities_cordis,939608446,,address_city,Beograd,BEOGRAD
entities_cordis,939608446,,address_geolocation,"44.8114223,20.4632887","44.81609,20.43821"
entities_cordis,913606820,FONDAZIONE MIRAFIORI ENTE FILANTROPICO E.T.S.,address_geolocation,"45.3121575,7.7377993","45.204524703,7.7802829388"
entities_cordis,882157189,,vat_number,,NO926918141MVA
entities_cordis,882157189,,address_geolocation,"63.4305658,10.3951929","63.3236265,10.3721324"
entities_cordis,999842536,TALLINN UNIVERSITY OF TECHNOLOGY,address_geolocation,"59.3948992,24.6717935","59.394759843,24.669232278"
entities_cordis,916314381,,vat_number,,NO871375992MVA
entities_cordis,916314381,,address_geolocation,"63.436491,10.43247","63.436487277,10.432463451"
entities_cordis,986128482,,address_geolocation,"59.4324926,24.7443776941553","59.432419608,24.744022658"
entities_cordis,949621465,KAJAANI UNIVERSITY OF APPLIED SCIENCES LTD,address_city,Kajaani,KAJAANI
entities_cordis,996125981,TELESTO INFORMATION AND COMMUNICATION TECHNOLOGIES,address_postal_code,15 561,155 61
entities_cordis,996125981,TELESTO INFORMATION AND COMMUNICATION TECHNOLOGIES,address_geolocation,"37.9841493,23.7279843","37.99756172,23.797092318"
entities_cordis,996125981,TELESTO INFORMATION AND COMMUNICATION TECHNOLOGIES,related_nuts_code_nuts_code,EL303,EL301
entities_cordis,915589694,SITMP,address_geolocation,"49.7486043,13.3772832","49.748624144,13.37727104"
entities_cordis,983764495,DIADIKASIA BUSINESS CONSULTANTS SA,address_postal_code,15 232,152 32
entities_cordis,983764495,DIADIKASIA BUSINESS CONSULTANTS SA,address_geolocation,"35.3664068,24.516279","38.022109716,23.789650362"
entities_cordis,999984059,Fraunhofer,address_city,MUNCHEN,Munchen
entities_cordis,999984059,Fraunhofer,address_geolocation,"48.1322664,11.5296222","48.132741991,11.53014802"
entities_cordis,997420543,THE LISBON COUNCIL,address_geolocation,"50.8179568,4.4053664","50.8423,4.3797"
entities_cordis,996097754,,address_geolocation,"44.8001045,10.3354814","44.801288482,10.328464485"
entities_cordis,916943523,EXUS SOFTWARESINGLE MEMBER LIMITED LIABILITY COMPANY,address_city,ATHENS,Athina
entities_cordis,916943523,EXUS SOFTWARESINGLE MEMBER LIMITED LIABILITY COMPANY,address_geolocation,"37.9715141,23.726649846307154","37.974100815,23.710132168"
entities_cordis,897764683,Dark Matter Laboratories B.V.,address_street,PIET HEINKADE 181K,DAALWIJKDREEF 47
entities_cordis,897764683,Dark Matter Laboratories B.V.,address_city,AMSTERDAM,Amsterdam
entities_cordis,897764683,Dark Matter Laboratories B.V.,address_postal_code,1019 HC,1103 AD
entities_cordis,897764683,Dark Matter Laboratories B.V.,address_geolocation,"52.3769311,4.9222263","52.323960332,4.9586439808"
entities_cordis,916261322,SPG,address_geolocation,"47.3895257,8.5159781","47.389841884,8.5155997279"
entities_cordis,957184458,URBASOFIA,address_geolocation,"44.4361414,26.1027202","44.453634505,26.127119579"
entities_cordis,997513178,,address_city,MADRID,Madrid
entities_cordis,997513178,,address_geolocation,"40.415161,-3.71040241939636","40.4165,-3.70256"
entities_cordis,992597994,AAKS,address_geolocation,"56.152631,10.203206","56.152630558,10.203206246"
entities_cordis,899334143,,address_geolocation,"46.0661497,11.11662318758863","46.061921397,11.115336265"
entities_cordis,993960068,LEUVEN,address_city,LEUVEN,Leuven
entities_cordis,993960068,LEUVEN,address_geolocation,"50.8802785,4.7157845","50.87959,4.70093"
entities_cordis,910401164,,address_geolocation,"40.8512648,14.2322389","40.852928618,14.230508299"
entities_cordis,999974844,UPM,address_city,MADRID,Madrid
entities_cordis,999974844,UPM,address_geolocation,"40.4167047,-3.7035824","40.4165,-3.70256"
entities_cordis,951389969,virtualcitySYSTEMS,address_geolocation,"52.5034436,13.3381911","52.503496633,13.339138829"
entities_cordis,913909751,IES R&D,address_geolocation,"53.3484833,-6.2320155","53.348750883,-6.231583499"
entities_cordis,999852236,LIU,address_geolocation,"58.4004423,15.5765096","58.398095,15.5765436"
entities_cordis,986290763,,address_geolocation,"51.89712115,-8.46547252881871","51.897060784,-8.465793286"
entities_cordis,907143613,,address_geolocation,"41.4274431,2.1830988","41.427260731,2.1841211255"
entities_cordis,925244783,,address_geolocation,"55.71688535,13.224492066519865","55.716674782,13.225259275"
entities_cordis,954389888,MUNICIPALITY OF NOVA GORICA,address_geolocation,"45.9566771,13.648942222395918","45.957250998,13.648828442"
entities_cordis,929853350,IFC,address_geolocation,"41.3881775,2.1902547625287534","41.387112966,2.1674329239"
entities_cordis,920200589,LAND Italia,address_geolocation,"45.8194765,8.8325971","45.480112795,9.1844180176"
entities_cordis,999995893,FOUNDATION FOR RESEARCH AND TECHNOLOGYHELLAS,address_postal_code,70 013,700 13
entities_cordis,999995893,FOUNDATION FOR RESEARCH AND TECHNOLOGYHELLAS,address_geolocation,"35.335976,25.126581","35.336142213,25.126502395"
entities_cordis,949156641,CHERSONISOS MUNICIPALITY,address_postal_code,70014,700 14
entities_cordis,900981203,,address_geolocation,"41.370449300000004,2.1500219563810696","41.391833276,2.200607407"
entities_cordis,997608529,,address_geolocation,"43.8806081,11.0968996639759","43.880854595,11.09649031"
entities_cordis,991435837,CITY OF REYKJAVIK,address_geolocation,"64.145981,-21.9422367","64.146023469,-21.94232727"
entities_cordis,997664207,HELSINGFORS STADCITY OF HELSINKI,address_geolocation,"60.1713198,24.9414566","60.3953913,25.6604862"
entities_cordis,997664207,HELSINGFORS STADCITY OF HELSINKI,related_nuts_code_nuts_code,FI,FI1B1
entities_cordis,952549216,ABUD,address_city,BUDAPEST,Budapest
entities_cordis,952549216,ABUD,address_geolocation,"47.48438785,19.062627757187","47.49835,19.04045"
entities_cordis,999844961,"UNIVERSITY OF TECHNOLOGY, KAUNAS",address_geolocation,"54.89877845,23.9126328823828","54.898882874,23.912553538"
entities_cordis,998298102,UNIVERSITY OF NOVA GORICA,address_geolocation,"45.942126,13.640288","45.942265077,13.640099947"
entities_cordis,920404774,CAMARA MUNICIPAL DE MATOSINHOS,address_city,MATOSINHOS,Matosinhos
entities_cordis,920404774,CAMARA MUNICIPAL DE MATOSINHOS,address_geolocation,"41.1863505,-8.6850923","41.18207,-8.68908"
entities_cordis,920404774,CAMARA MUNICIPAL DE MATOSINHOS,related_nuts_code_nuts_code,PT,PT11A
entities_cordis,957944453,IAAC,address_geolocation,"41.5033762,1.8120455","41.396721057,2.1943164534"
entities_cordis,896006752,FAB CITY FOUNDATION,short_name,Fab City Foundation,FAB CITY FOUNDATION
entities_cordis,899880738,,address_city,MILANO,Milano
entities_cordis,899880738,,address_geolocation,"45.4574136,9.1704715","45.457441381,9.1703804253"
entities_cordis,910545500,,address_city,WARSAW,Warsaw
entities_cordis,999975717,UCC,address_geolocation,"51.81614165,-8.393616325628448","51.903614,-8.468399"
entities_cordis,999975717,UCC,related_nuts_code_nuts_code,IE,IE053
entities_cordis,884100196,,address_geolocation,"46.0767871,18.2280603","46.075807906,18.228601766"
entities_cordis,882000728,BIRSTONO MUNICIPALITY ADMINISTRATION,related_nuts_code_nuts_code,LT,LT022
entities_cordis,888220465,SEGES Innovation P/S,address_geolocation,"56.200064,10.159083","56.20006379,10.159083405"
entities_cordis,999845640,UGOE,address_geolocation,"51.53410245,9.937839941393724","51.53406499,9.9378471775"
entities_cordis,998239805,,address_geolocation,"43.6044622,1.4442469","43.602129996,1.4022970113"
entities_cordis,969231858,ZLTO,address_geolocation,"51.685742,5.2854763","51.685741815,5.2854757594"
entities_cordis,999480629,NIAB,address_geolocation,"52.221651,0.09176977659523285","52.220318862,0.0925584184"
entities_cordis,999993274,INRAE,address_city,PARIS CEDEX 07,Paris
entities_cordis,999993274,INRAE,address_geolocation,"48.8610739,2.3059175","48.85869,2.33452"
entities_cordis,896906912,,address_geolocation,"53.2857474,-6.2379617","53.33306,-6.24889"
entities_cordis,948663008,CHAMBERS OFAGRICULTURE ATLANTIC AREA,address_geolocation,"47.2186371,-1.5541362","47.265931744,-1.567765251"
entities_cordis,943681379,ZD MARIBOR,address_geolocation,"46.5567985,15.6513496","46.55472,15.64667"
entities_cordis,997298614,HWWI,address_geolocation,"53.587689499999996,10.090340150000003","53.549111897,9.9893975584"
entities_cordis,928836208,GÖG,address_geolocation,"48.2102591,16.3821826","48.210242492,16.382197578"
entities_cordis,881160029,,vat_number,,U129638U
entities_cordis,881160029,,address_geolocation,"42.5122627,1.5348816","42.512079525,1.5344909415"
entities_cordis,913280609,CTP,address_geolocation,"42.5691986,-0.727778","42.56573901,-0.559383096"
entities_cordis,888300878,MUNICIPALITY OF SELNICA OB DRAVI,address_geolocation,"46.5515254,15.4933028","46.55,15.495"
entities_cordis,999905392,UPO,address_geolocation,"45.327602,8.4243767","45.327624518,8.4244492969"
entities_cordis,897379108,UGA,address_city,GRENOBLE,Grenoble
entities_cordis,897379108,UGA,address_geolocation,"45.19156095,5.76726837551229","45.17869,5.71479"
entities_cordis,897379108,UGA,related_nuts_code_nuts_code,FR,FRK24
entities_cordis,935861045,IRIDEON S.L.,address_city,Barcelona,BARCELONA
entities_cordis,935861045,IRIDEON S.L.,address_geolocation,"40.0028028,-4.0031039","41.38337778,2.142787614"
entities_cordis,898754859,,address_geolocation,"50.8393094,4.3613763","50.841754824,4.3693734726"
entities_cordis,999580151,CSTB,address_geolocation,"48.8553234,2.5932229","48.85869,2.33452"
entities_cordis,999580151,CSTB,related_nuts_code_nuts_code,FR102,FR101
entities_cordis,997220723,CHU,address_geolocation,"45.1968664,5.7509405","45.198692383,5.7550256184"
entities_cordis,881179138,SOCIAL ASSISTANCE DIRECTORATE,related_nuts_code_nuts_code,RO121,RO
entities_cordis,941237755,,address_geolocation,"45.1888855,5.7391779","45.188884994,5.7391760246"
entities_cordis,895586451,,address_geolocation,"45.73680645,21.24166341875287","45.73788352,21.235872679"
entities_cordis,999876971,UDEUSTO,address_geolocation,"43.270234,-2.9385818","43.26271,-2.92528"
entities_cordis,991656706,LANDESKRANKENHAUS UNIVERSITATSKLINIKEN INNSBRUCK,address_geolocation,"47.2629667,11.38627","47.26266,11.39454"
entities_cordis,999898408,UMIT TIROL,address_geolocation,"47.2838655,11.5174064","48.20832,16.36984"
entities_cordis,999898408,UMIT TIROL,related_nuts_code_nuts_code,AT332,AT130
entities_cordis,888617680,FSC Italia,address_city,Padova,PADOVA
entities_cordis,999900833,UNIVERSITEIT TWENTE,address_geolocation,"52.2398494,6.8499541","52.239836409,6.8499121381"
entities_cordis,997591651,,address_geolocation,"37.3886303,-5.995317","37.349139369,-5.983935805"
entities_cordis,998463002,,address_geolocation,"38.71246135,-9.188197174820617","38.73247,-9.13372"
entities_cordis,998463002,,related_nuts_code_nuts_code,PT,PT1A0
entities_cordis,888539207,CONFAGRICOLTURA NUORO OGLIASTRA,address_geolocation,"40.2825263,9.4033119","40.31991,9.32568"
entities_cordis,920952048,,address_geolocation,"37.363979,-5.978578554800423","37.365560551,-5.981955939"
entities_cordis,951411600,,address_city,Pozoblanco Cordoba,POZOBLANCO CORDOBA
entities_cordis,951411600,,address_geolocation,"37.8849779,-4.7760131","40.41985,-3.70161"
entities_cordis,951411600,,related_nuts_code_nuts_code,ES613,ES300
entities_cordis,999872703,UCO,address_geolocation,"37.8851353,-4.7898917","40.41985,-3.70161"
entities_cordis,999872703,UCO,related_nuts_code_nuts_code,ES613,ES300
entities_cordis,953071367,,address_geolocation,"41.65413555,-4.740762395039724","41.653110819,-4.738481727"
entities_cordis,999465594,UNISS,address_city,SASSARI,Sassari
entities_cordis,999465594,UNISS,address_geolocation,"40.7249988,8.5599051","40.72586,8.55552"
entities_cordis,999872218,AGRICULTURAL UNIVERSITY OF ATHENS,address_geolocation,"37.983618995956625,23.703828764867968","37.982407407,23.707056261"
entities_cordis,999629718,UNIVERSIDAD DE A CORUNA,short_name,UDC,UNIVERSIDAD DE A CORUNA
entities_cordis,999629718,UNIVERSIDAD DE A CORUNA,address_geolocation,"43.3710423,-8.390006","43.371000399,-8.390696127"
entities_cordis,882054466,,address_city,Samora Correia,SAMORA CORREIA
entities_cordis,882054466,,related_nuts_code_nuts_code,PT185,PT
entities_cordis,888650369,CHAMBRE D'AGRICULTURE DE L'ARIEGE,address_geolocation,"44.0088934,1.3759389","42.959196993,1.6101749994"
entities_cordis,998675044,MIO-ECSDE,address_geolocation,"38.9953683,21.9877132","37.973737041,23.728251496"
entities_cordis,953814096,HELLENIC AGRICULTURAL ORGANISATION DIMITRA (ELGO - DIMITRA),address_geolocation,"35.3664068,24.516279","38.01499356,23.72215397"
entities_cordis,881000464,NATURSCHUTZSTIFTUNG GRAFSCHAFT BENTHEIM,address_geolocation,"52.433195,7.0616658","52.433066015,7.0617720331"
entities_cordis,931790246,RIOB,address_geolocation,"48.8780485,2.3192025","48.878039992,2.3192079842"
entities_cordis,881085533,,address_geolocation,"52.433195,7.0616658","52.433066015,7.0617720331"
entities_cordis,999741171,ECOLOGIC INSTITUT,address_city,BERLIN,Berlin
entities_cordis,999741171,ECOLOGIC INSTITUT,address_geolocation,"52.4895509,13.3214002","52.489389136,13.321315047"
entities_cordis,999897729,TUD,address_city,DRESDEN,Dresden
entities_cordis,999897729,TUD,address_geolocation,"51.0290859,13.7244364","51.05089,13.73832"
entities_cordis,906316494,,address_geolocation,"45.240944999999996,19.832514857075132","45.240981414,19.838877181"
entities_cordis,906316494,,related_nuts_code_nuts_code,RS,RS123
entities_cordis,986994013,"UNIVERSITY OF NOVI SAD, FACULTY OF AGRICULTURE",address_geolocation,"45.24632415,19.8523765","45.24722128,19.851731416"
entities_cordis,999876195,UNIVERSITY OF PANNONIA,vat_number,HU19310321,HU17784571
entities_cordis,999876195,UNIVERSITY OF PANNONIA,legal_name,PANNON EGYETEM - UNIVERSITY OF PANNONIA,PANNON EGYETEM
entities_cordis,999876195,UNIVERSITY OF PANNONIA,short_name,PANNON UNIVERSITY,UNIVERSITY OF PANNONIA
entities_cordis,999876195,UNIVERSITY OF PANNONIA,address_geolocation,"47.0883929,17.908488493845226","47.087443982,17.908393367"
entities_cordis,972472240,INCDDD,address_geolocation,"45.0046615,29.0687175089862","45.165207584,28.793397112"
entities_cordis,890633243,EAD SOCIETY,short_name,,EAD SOCIETY
entities_cordis,890633243,EAD SOCIETY,address_street,STR TEILOR 9,STR TARGUL PESTELUI 3
entities_cordis,890633243,EAD SOCIETY,address_city,CISNADIE,SIBIU
entities_cordis,890633243,EAD SOCIETY,address_postal_code,555300,550195
entities_cordis,890633243,EAD SOCIETY,address_geolocation,"45.712702,24.1571321","45.797243819,24.146986401"
entities_cordis,998036008,DIL,address_geolocation,"52.668558700000006,7.953472584549372","52.668516986,7.9539309945"
entities_cordis,891269563,MATE,address_geolocation,"47.58299565,19.251709423322296","47.593095995,19.361509019"
entities_cordis,950764901,,address_geolocation,"48.2673497,-1.2472487","48.266180548,-1.247237041"
entities_cordis,887901917,,address_geolocation,"50.0804913,14.4052377","50.07429,14.4346"
entities_cordis,999871927,UNIVERSITY OF SOPRON UNIVERSITAT SOPRON,address_city,SOPRON,Sopron
entities_cordis,999871927,UNIVERSITY OF SOPRON UNIVERSITAT SOPRON,address_geolocation,"47.6801104,16.5780816","47.68501,16.59049"
entities_cordis,887408478,HUNGARIAN INNOVATION AGENCY NON-PROFIT PLC,legal_name,NEMZETI INNOVACIOS UGYNOKSEG NONPROFIT ZARTKORUEN MUKODO RESZVENYTARSASAG,NEMZETI INNOVACIOS UGYNOKSEG NONPROFIT ZRT
entities_cordis,887408478,HUNGARIAN INNOVATION AGENCY NON-PROFIT PLC,short_name,Nemzeti Innovációs Ügynökség Zrt.,HUNGARIAN INNOVATION AGENCY NON-PROFIT PLC
entities_cordis,887408478,HUNGARIAN INNOVATION AGENCY NON-PROFIT PLC,address_street,POZSONYI UT 56,KETHLY ANNA TER 1 1 EM
entities_cordis,887408478,HUNGARIAN INNOVATION AGENCY NON-PROFIT PLC,address_city,Budapest,BUDAPEST
entities_cordis,887408478,HUNGARIAN INNOVATION AGENCY NON-PROFIT PLC,address_postal_code,1133,1077
entities_cordis,887408478,HUNGARIAN INNOVATION AGENCY NON-PROFIT PLC,address_geolocation,"47.560813,19.0859585","47.498163021,19.065789021"
entities_cordis,926457380,,address_geolocation,"44.780491,20.455916217231945","44.81609,20.43821"
entities_cordis,926457380,,related_nuts_code_nuts_code,RS,RS110
entities_cordis,882652180,Login EKO,address_geolocation,"45.382566100000005,20.307267914072966","45.388876461,20.256779648"
entities_cordis,932963364,CROATIAN CHAMBER OF AGRICULTURE,address_geolocation,"45.799673,15.9759397","45.799750511,15.976033097"
entities_cordis,998813075,Mendelova univerzita v Brně,address_geolocation,"49.22442715,16.6466100542962","50.07429,14.4346"
entities_cordis,998813075,Mendelova univerzita v Brně,related_nuts_code_nuts_code,CZ064,CZ010
entities_cordis,888631163,ARNAS CATANIA,address_geolocation,"37.5117108,15.078576","37.511452617,15.079085722"
entities_cordis,998359891,CAMARA MUNICIPAL DE AGUEDA CMA,address_city,Agueda,AGUEDA
entities_cordis,998359891,CAMARA MUNICIPAL DE AGUEDA CMA,address_geolocation,"40.59463245,-8.41600376680901","38.73247,-9.13372"
entities_cordis,998359891,CAMARA MUNICIPAL DE AGUEDA CMA,related_nuts_code_nuts_code,PT191,PT1A0
entities_cordis,917517763,MUNICIPALITY OF KORYDALLOS,address_postal_code,18 120,181 20
entities_cordis,917517763,MUNICIPALITY OF KORYDALLOS,address_geolocation,"37.9844029,23.6495008","37.98015234,23.646198029"
entities_cordis,997623176,IMR,address_geolocation,"44.780491,20.455916217231945","44.793762707,20.497901803"
entities_cordis,999643007,UOA,address_postal_code,10 561,105 61
entities_cordis,999643007,UOA,address_geolocation,"37.9784332,23.7322131","37.97850802,23.732519058"
entities_cordis,882219851,APMVEAC,address_geolocation,"38.7399234,-9.1249003","38.740341924,-9.12452714"
entities_cordis,881117058,Americares Foundation Inc.,vat_number,,61008595
entities_cordis,881117058,Americares Foundation Inc.,address_geolocation,"41.0651294,-73.5194585","41.065123999,-73.51946103"
entities_cordis,999453372,ULE,address_geolocation,"42.5960005,-5.5779387","42.5914781,-5.5732029"
entities_cordis,912924134,ASL ROMA 1,address_geolocation,"41.9014933,12.4611263","41.901446787,12.46154904"
entities_cordis,999865331,UAveiro,address_geolocation,"40.640496,-8.653784","40.630600481,-8.659212575"
entities_cordis,881410095,,address_geolocation,"59.4612047,24.9148041","59.43696,24.75353"
entities_cordis,953720200,HARVARD GLOBAL,address_geolocation,"42.3750997,-71.1056156","42.369028744,-71.11051656"
entities_cordis,892135579,AINIGMA,address_geolocation,"50.879202,4.7011675","50.862255702,4.6721114706"
entities_cordis,916252204,MINISTRY OF LABOR AND SOCIAL SECURITY,address_postal_code,10 437,104 37
entities_cordis,916252204,MINISTRY OF LABOR AND SOCIAL SECURITY,address_geolocation,"37.9755491,23.7277056","37.98046729,23.73114166"
entities_cordis,999835843,UCY,address_geolocation,"35.1739302,33.364726","35.165175,33.371442"
entities_cordis,999541642,VHIR,address_geolocation,"41.3825596,2.1771353","41.428014264,2.1434400613"
entities_cordis,965934440,THE CYPRUS INSTITUTE,address_city,NICOSIA,Nicosia
entities_cordis,965934440,THE CYPRUS INSTITUTE,address_geolocation,"35.1501431,33.3077937","35.17531,33.3642"
entities_cordis,940255630,PEO,address_geolocation,"35.1451397,33.4101621","35.170615006,33.372901964"
entities_cordis,999754848,NIBIO,address_geolocation,"59.8992777,10.7671631","59.666295703,10.774175874"
entities_cordis,881485561,LUONTOA,address_geolocation,"60.1674098,24.9425769","60.182129089,24.947599976"
entities_cordis,916321753,OPPLA,address_geolocation,"51.5614646,5.0627852","51.609310048,5.1476987289"
entities_cordis,999977463,TUM,address_geolocation,"48.1499912,11.567459","48.14885402,11.567998012"
entities_cordis,917535708,FOREST MANAGEMENT CENTRE,address_city,Tallinn,Sagadi
entities_cordis,917535708,FOREST MANAGEMENT CENTRE,address_geolocation,"59.5482353,26.038240576950482","59.5349526,26.0498455"
entities_cordis,999507983,SMHI,address_geolocation,"58.5909124,16.1903511","59.32473,18.07065"
entities_cordis,881129086,MUNICIPALITYOF INDRE OSTFOLD,address_geolocation,"59.58448,11.160951","59.58448024,11.160950917"
entities_cordis,907490485,,address_geolocation,"58.655611,25.038184995593994","59.43621,24.74817"
entities_cordis,907490485,,related_nuts_code_nuts_code,EE004,EE001
entities_cordis,999857280,ESTONIAN UNIVERSITY OF LIFE SCIENCES EMU,address_geolocation,"58.387973,26.6966780293273","58.388243936,26.697352355"
entities_cordis,879502008,,address_geolocation,"59.275028,11.105899","59.275027918,11.105898661"
entities_cordis,998473769,FOREST UNION EPFU,address_street,TOOMPUIESTEE 24,LIIVALAIA TN 20A
entities_cordis,998473769,FOREST UNION EPFU,address_city,Tallinn,TALLINN
entities_cordis,998473769,FOREST UNION EPFU,address_postal_code,10149,10118
entities_cordis,998473769,FOREST UNION EPFU,address_geolocation,"59.4360135,24.73317722532765","59.436049852,24.733422652"
entities_cordis,954900496,LPRC,address_geolocation,"28.8588026,-13.8059175","28.68351,-17.76421"
entities_cordis,963194384,ALDA,address_city,STRASBOURG,Strasbourg
entities_cordis,963194384,ALDA,address_geolocation,"48.5680729,7.688598701025638","48.58392,7.74553"
entities_cordis,884975524,CONSEJO INSULAR DE AGUAS DE LA PALMA,address_geolocation,"28.6861545,-17.7608588","28.681395482,-17.76561687"
entities_cordis,999947296,ITC,address_city,LAS PALMAS DE GRAN CANARIA,Las Palmas De Gran Canaria
entities_cordis,999947296,ITC,address_geolocation,"28.1106948,-15.4172819","28.09973,-15.41343"
entities_cordis,996740088,UMa,address_geolocation,"32.6498217,-16.908766","32.649375443,-16.9090302"
entities_cordis,941875045,UNI-CV,vat_number,,CV350067813
entities_cordis,941875045,UNI-CV,address_geolocation,"14.9160169,-23.5096132","14.920147197,-23.50650657"
entities_cordis,890699882,,address_geolocation,"37.749679650000004,-25.580320626552343","37.74486,-25.57184"
entities_cordis,885203086,HORTA CITY HALL,address_geolocation,"38.5368032,-28.630109","38.537426432,-28.62602256"
entities_cordis,999993662,BRGM,address_geolocation,"47.8293919,1.9372201","47.829910995,1.9372900026"
entities_cordis,917706913,INLECOM INNOVATION,address_geolocation,"38.2653828,21.7618384","38.049174504,23.764713865"
entities_cordis,907549752,EUROPEAN FEDERATION OF GEOLOGISTSFEDERACION EUROPEA DE GEOLOGOS,address_geolocation,"50.836638,4.378491","50.836534072,4.3784135228"
entities_cordis,884918391,COMUNIDAD DE AGUAS TENISCA,address_geolocation,"28.642858,-17.9326028","28.6424994,-17.9322944"
entities_cordis,999557453,UR,address_geolocation,"46.603354,1.8883335","-20.90052698,55.483730964"
entities_cordis,887300517,AIM,address_street,AVDA HOYA DE LA GALLINA 6 PORTAL 4 PLANTA 3,"CALLE RAMON POL, 5, L3"
entities_cordis,887300517,AIM,address_city,LAS PALMAS DE GRAN CANARIA,LOS LLANOS DE ARIDANE
entities_cordis,887300517,AIM,address_postal_code,35019,38760
entities_cordis,887300517,AIM,address_geolocation,"28.128874,-15.4349448","28.659589709,-17.91698188"
entities_cordis,887300517,AIM,related_nuts_code_nuts_code,ES705,ES707
entities_cordis,968650731,TELESPAZIO VEGA UK LIMITED,address_city,Luton Bedfordshire,LUTON BEDFORDSHIRE
entities_cordis,968650731,TELESPAZIO VEGA UK LIMITED,address_geolocation,"51.87302135,-0.49919791830936017","51.51089,-0.08689"
entities_cordis,998208280,TUZVO,address_city,ZVOLEN,Zvolen
entities_cordis,998208280,TUZVO,address_geolocation,"48.5392534,19.1451531022613","48.57442,19.15324"
entities_cordis,999868144,VSB - TU Ostrava,address_geolocation,"49.8336617,18.1636336","50.07429,14.4346"
entities_cordis,999868144,VSB - TU Ostrava,related_nuts_code_nuts_code,CZ080,CZ010
entities_cordis,998189850,CATEC,legal_name,FUNDACION ANDALUZA PARA EL DESARROLLO AEROESPACIAL,FUNDACION CATEC CENTRO AVANZADO DE TECNOLOGIAS AEROESPACIALES
entities_cordis,998189850,CATEC,short_name,FADA-CATEC,CATEC
entities_cordis,998189850,CATEC,address_street,"CALLE WILBUR Y ORVILLE WRIGHT NUM 17, PARQUE AEROP",CALLE WILBUR Y ORVILLE WRIGHT 17 PARQUE AEROPOLIS
entities_cordis,998189850,CATEC,address_geolocation,"37.3938909,-6.0035515","40.41985,-3.70161"
entities_cordis,999988909,TNO,address_city,DEN HAAG,Den Haag
entities_cordis,999988909,TNO,address_geolocation,"52.0822233,4.3257144","52.082223814,4.3257143182"
entities_cordis,999909854,IBM,address_geolocation,"47.3099339,8.5446709","46.949222,7.44587"
entities_cordis,890303928,,address_geolocation,"51.5416284,-0.0554611","51.51089,-0.08689"
entities_cordis,999852430,UROS,address_geolocation,"54.08797805,12.1333063512432","54.08808998,12.133393005"
entities_cordis,999904131,UNITBV,short_name,UTBV,UNITBV
entities_cordis,999904131,UNITBV,address_geolocation,"45.6453253,25.5887936","44.43719,26.08592"
entities_cordis,999904131,UNITBV,related_nuts_code_nuts_code,RO122,RO321
entities_cordis,999588493,,address_geolocation,"42.0000955,21.4434832913341","42.000361226,21.452311862"
entities_cordis,999478883,NORWEGIAN INSTITUTE OF PUBLIC HEALTH NIPH,address_geolocation,"59.9339489,10.7452595","59.933948899,10.745259482"
entities_cordis,999997833,INSERM,address_city,PARIS,Paris
entities_cordis,999997833,INSERM,address_geolocation,"48.8266111,2.3652703","48.85341,2.3488"
entities_cordis,999997833,INSERM,related_nuts_code_nuts_code,FR,FR101
entities_cordis,879356023,,address_city,SCHIEDAM,Schiedam
entities_cordis,994216051,OSLO KOMMUNE,vat_number,,NO958935420MVA
entities_cordis,994216051,OSLO KOMMUNE,address_geolocation,"60.0518829,10.6799603","59.9125723,10.7335578"
entities_cordis,999861063,,address_geolocation,"51.5140257,-0.1164521","51.513651457,-0.116826162"
entities_cordis,999978821,,address_geolocation,"41.9041416,12.5180731","41.904152884,12.51806528"
entities_cordis,999654162,NILU,address_geolocation,"59.97443,11.048794","59.974483057,11.048339414"
entities_cordis,936105873,NORWEGIAN ENVIRONMENT AGENCY,related_nuts_code_nuts_code,NO,NO060
entities_cordis,999988521,ENEA,address_city,ROMA,Roma
entities_cordis,999988521,ENEA,address_geolocation,"41.9336477,12.465471","41.93275441,12.464683118"
entities_cordis,940211980,SENSEAIR,address_geolocation,"59.6749712,14.5208584","61.7994375,16.5535129"
entities_cordis,998518583,SWISS TPH SWISS TROPICAL AND PUBLIC HEALTH INSTITUTE,address_city,ALLSCHWIL,Allschwil
entities_cordis,998518583,SWISS TPH SWISS TROPICAL AND PUBLIC HEALTH INSTITUTE,address_geolocation,"47.433867,7.3402588","47.55074,7.53599"
entities_cordis,998403929,UNSYD,address_city,SYDNEY,Sydney
entities_cordis,998403929,UNSYD,address_geolocation,"-33.88902705,151.189420694852","-33.86785,151.20732"
entities_cordis,999467340,LOS ANGELES UCLA SANTA BARBARA UCSB DAVIS UCD RIVERSIDE UCR SAN DIEGO UCSD SANTA CRUZ UCSC IRVIN,address_city,OAKLAND CA,Oakland
entities_cordis,999467340,LOS ANGELES UCLA SANTA BARBARA UCSB DAVIS UCD RIVERSIDE UCR SAN DIEGO UCSD SANTA CRUZ UCSC IRVIN,address_geolocation,"37.8044557,-122.2713562","37.802292503,-122.271459"
entities_cordis,949799848,Comune di Napoli,address_city,Napoli,NAPOLI
entities_cordis,949799848,Comune di Napoli,address_geolocation,"40.8359336,14.2487826","41.90085,12.49035"
entities_cordis,949799848,Comune di Napoli,related_nuts_code_nuts_code,ITF33,ITI43
entities_cordis,994557879,HOPE,legal_name,FEDERATION EUROPEENNE DES HOPITAUX ET DES SOINS DE SANTE,EUROPEAN HOSPITAL AND HEALTHCARE FEDERATION
entities_cordis,994557879,HOPE,address_street,AVENUE MARNIX  30/17,AVENUE MARNIX 30
entities_cordis,994557879,HOPE,address_geolocation,"50.8395802,4.3639816","50.840344904,4.3663338592"
entities_cordis,910939514,,address_geolocation,"55.3241269,24.8928807","54.70485795,25.27221231"
entities_cordis,880576477,JONISKIS DISTRICT MUNICIPALITY ADMINISTRATION,address_geolocation,"56.242310399999994,23.617913026250015","56.242369351,23.617739623"
entities_cordis,999990946,KTH,address_city,STOCKHOLM,Stockholm
entities_cordis,999990946,KTH,address_geolocation,"59.3498183,18.0707826","59.33692,18.07268"
entities_cordis,944982634,BJORNEBORG STAD CITY OF PORI,address_geolocation,"61.48898035,21.79485357494584","61.489241032,21.794811204"
entities_cordis,894585605,"ADCOGITO, INSTITUTE FOR ADVANCED BEHAVIORAL RESEARCH",address_geolocation,"54.6870458,25.2829111","54.695652358,25.246668125"
entities_cordis,960848342,PRIZZTECH LTD,address_city,PORI,Pori
entities_cordis,960848342,PRIZZTECH LTD,address_geolocation,"61.4868082,21.7944786","61.48333,21.78333"
entities_cordis,972782446,LITHUANIAN UNIVERSITY OF HEALTH SCIENCES,short_name,LSMU,LITHUANIAN UNIVERSITY OF HEALTH SCIENCES
entities_cordis,972782446,LITHUANIAN UNIVERSITY OF HEALTH SCIENCES,address_street,A MICKEVICIAUS GATVE 9,A MICKEVICIAUS GATVE 9 GENERAL DELIVERY
entities_cordis,972782446,LITHUANIAN UNIVERSITY OF HEALTH SCIENCES,address_city,Kaunas,KAUNAS
entities_cordis,972782446,LITHUANIAN UNIVERSITY OF HEALTH SCIENCES,address_postal_code,44307,LT-44307
entities_cordis,972782446,LITHUANIAN UNIVERSITY OF HEALTH SCIENCES,address_geolocation,"54.89405595,23.9166901024052","54.894276557,23.916647762"
entities_cordis,926362126,,address_geolocation,"34.79489125,32.985589384508","34.6858611,33.0250586"
entities_cordis,998829080,TAMMERFORS STADCITY OF TAMPERE,address_geolocation,"61.4959873,23.7604419","61.499920171,23.758839743"
entities_cordis,920499058,ADMINISTRATION OF JURMALA LOCAL GOVERNMENT,address_geolocation,"56.9729201,23.7889624","56.972923543,23.788811752"
entities_cordis,938727492,VMSA,address_city,VILNIUS,Vilnius
entities_cordis,938727492,VMSA,address_geolocation,"54.6957614,25.2786725","54.68916,25.2798"
entities_cordis,938727492,VMSA,related_nuts_code_nuts_code,LT,LT011
entities_cordis,932227425,RIGA CITY COUNCIL,address_geolocation,"56.947922,24.10612886433828","56.947811612,24.106338864"
entities_cordis,899910129,,address_geolocation,"38.2580032,21.7429386","40.58731101,22.960680473"
entities_cordis,919854008,,address_geolocation,"55.678594700000005,21.164586942649926","55.678499195,21.164601399"
entities_cordis,879572430,,address_geolocation,"54.6832494,25.2358303","54.683101128,25.235954544"
entities_cordis,998069182,INSTITUTE OF ENTREPRENEURSHIP DEVELOPMENT,address_geolocation,"39.6383092,22.4160706","39.632693501,22.434222019"
entities_cordis,999995505,UMINHO,address_geolocation,"41.5509094,-8.3225149","41.550866997,-8.426366123"
entities_cordis,989393987,,address_geolocation,"43.4547814,5.4692947","43.453946,5.4689642"
entities_cordis,999963980,,address_geolocation,"48.9092599,2.3248603","48.91178302,2.3296739638"
entities_cordis,974988420,LARNAKA MUNICIPALITY,address_city,LARNACA,Larnaca
entities_cordis,974988420,LARNAKA MUNICIPALITY,address_geolocation,"34.9164144,33.6381129","34.92291,33.6233"
entities_cordis,907678859,,address_geolocation,"39.3262345,-4.8380649","41.592872874,2.2736822138"
entities_cordis,998079949,LJMU,address_street,RODNEY STREET 2 EGERTON COURT,"THE STUDENT LIFE BUILDING, COPPERAS HILL"
entities_cordis,998079949,LJMU,address_postal_code,L3 5UX,L3 5AH
entities_cordis,998079949,LJMU,address_geolocation,"53.4054719,-2.9805392","53.4066886,-2.9730747"
entities_cordis,999808780,ANSA,address_geolocation,"41.81435465,12.226936957567165","41.90085,12.49035"
entities_cordis,966010294,STRESS,address_geolocation,"40.8414378,14.2561956","40.840778002,14.255678483"
entities_cordis,881437255,Commissariato Ricostruzione Ischia,address_geolocation,"40.8462685,14.2675246","40.8443573,14.259147348"
entities_cordis,888629126,CASAMICCIOLA TERME,address_geolocation,"40.7473561,13.9075118","40.745756062,13.907046669"
entities_cordis,950897306,AJUNTAMENT DE GRANOLLERS,address_city,GRANOLLERS,Granollers
entities_cordis,950897306,AJUNTAMENT DE GRANOLLERS,address_geolocation,"41.6080085,2.2872441","41.60797,2.28773"
products,101036683_1798249_PUBLI,Interactive innovation broker: a consensual framework for m…,product_category_id,8,3
products,101036683_1798248_PUBLI,Implementing sedimentary monitoring of Rias Baixas (Galicia…,product_category_id,8,3
products,101037084_2578825_PUBLI,Towards climate resilience: paving dynamic adaptation pathw…,product_category_id,8,3
products,101037084_2578828_PUBLI,Leveraging renewable energy solutions for distributed urban…,product_category_id,8,3
products,101037084_2578811_PUBLI,Incorporating Reliability in Graph Information Propagation …,product_category_id,8,3
products,101037084_1800171_PUBLI,Incorporating reliability in graph information propagation …,product_category_id,8,3
products,101037084_2578844_PUBLI,Driving Change: User Engagement and Governance in Climate A…,product_category_id,8,3
products,101037084_2578845_PUBLI,"""Climate Services and Behavioral Change: Enhancing Resilien…",product_category_id,8,3
products,101037084_2578822_PUBLI,Enabling far-reaching living labs through regional Digital …,product_category_id,8,3
products,101037084_2578824_PUBLI,Predicting Avalanche Danger in Northern Norway Using Statis…,product_category_id,8,3
products,101037084_2578821_PUBLI,Bringing knowledge closer to practice: an inferential analy…,product_category_id,8,3
products,101037084_2578846_PUBLI,Near-real-time Country-wide Estimation of Susceptibility an…,product_category_id,8,3
products,101037084_2578769_PUBLI,THE URGENT CALL FOR TANGIBLE ACTIONS TO ADAPT REGIONS TO CL…,product_category_id,8,3
products,101037084_2578826_PUBLI,Sar Shoreline Processor: Methodology and First Results,product_category_id,8,3
products,101037424_1805791_PUBLI,Managing water resources under new climatic extremes in the…,product_category_id,8,3
products,101037424_1806191_PUBLI,Rainwater harvesting as climate change adaptation strategy …,product_category_id,8,3
products,101037424_1802501_PUBLI,Participatory Socio-Environmental Systems Modeling over Kno…,product_category_id,8,3
products,101037424_1805787_PUBLI,Assessment of hydrological extremes and water resources ava…,product_category_id,8,3
products,101037424_1805786_PUBLI,Systems Innovation Approach: stakeholders' involvement for …,product_category_id,8,3
products,101093864_51969_PUBLIHORIZON,An adaptive and flexible Climate Risk Assessment Framework …,product_category_id,8,3
products,101093864_52249_PUBLIHORIZON,Bridging the gap between climate data and policy makers: Th…,product_category_id,8,3
products,101093864_52527_PUBLIHORIZON,Decision-Relevant Climate Storylines: Using Seasonal Decisi…,product_category_id,8,3
products,101093873_210660_PUBLIHORIZON,Contemporary development directions for urban digital twins,product_category_id,8,3
products,101093873_210659_PUBLIHORIZON,Relevancia de la morfología intermareal en la inundación co…,product_category_id,8,3
products,101093873_210667_PUBLIHORIZON,Development and validation of a modelling chain to quantify…,product_category_id,8,3
products,101093873_210661_PUBLIHORIZON,Numerical study to quantify the role of morphological param…,product_category_id,8,3
products,101093921_54571_PUBLIHORIZON,Building up a Digital Academy in AGORA project to aware cit…,product_category_id,8,3
products,101094021_51207_PUBLIHORIZON,Co-creating a Citizen Science Toolkit for Climate Assemblie…,product_category_id,8,3
products,101094021_51206_PUBLIHORIZON,Framing Citizen Science for Climate Assemblies,product_category_id,8,3
products,101112728_148404_PUBLIHORIZON,Analysis of flood compound events in the Andalusian Costa d…,product_category_id,8,3
products,101112728_148326_PUBLIHORIZON,ClimEmpower: User Driven Climate Applications Empowering Re…,product_category_id,8,3
products,101112728_31461_PUBLIHORIZON,ClimEmpower: User Driven Climate Applications Empowering Re…,product_category_id,8,3
products,101112728_148403_PUBLIHORIZON,InterJIA seminar. Pluvial and coastal coupled flood modelli…,product_category_id,8,3
products,101112731_164948_PUBLIHORIZON,Retrofitting interventions with Sustainable urban Drainage …,product_category_id,8,3
products,101112731_164946_PUBLIHORIZON,Upgrading of the Dittaino River Conditions Assessment by Hy…,product_category_id,8,3
products,101112731_164945_PUBLIHORIZON,Assessing the Potential of Traditional Stone Weirs in Storm…,product_category_id,8,3
products,101112731_164947_PUBLIHORIZON,Multicriteria Analysis to Locate Nature-Based Solutions for…,product_category_id,8,3
products,101112738_152044_PUBLIHORIZON,NbS for ecological and hydrological resilience in Upper Bie…,product_category_id,8,3
products,101112738_152041_PUBLIHORIZON,Geodesign to Address Floods and Droughts on a Landscape Sca…,product_category_id,8,3
products,101112738_148565_PUBLIHORIZON,SpongeScapes: Understanding the role of nature-based soluti…,product_category_id,8,3
products,101112860_140549_PUBLIHORIZON,Analyzing Climate Change Mitigation and Adaptation Strategi…,product_category_id,8,3
products,101112906_220085_PUBLIHORIZON,Land requirements for floodplain development and restoratio…,product_category_id,8,3
products,101112919_238301_PUBLIHORIZON,Seismic vulnerability and economic losses for the port of H…,product_category_id,8,3
products,101112919_197275_PUBLIHORIZON,OCEAN-DC: AN ANALYSIS READY DATA CUBE FRAMEWORK FOR ENVIRON…,product_category_id,8,3
products,101112919_238294_PUBLIHORIZON,Innovative coastal management: leveraging AI and satellite …,product_category_id,8,3
products,101139711_215772_PUBLIHORIZON,Urban Greening and Renaturing towards Climate Neutrality: t…,product_category_id,8,3
products,101139711_215784_PUBLIHORIZON,Data for Policy 2025 (DfP'25) - Europe Book of Abstracts,product_category_id,8,3
